dataset,n_donors,trial,cell_type,n_cells_in_copula,n_train_cells_in_obs,n_genes_primary,k_max,has_cov_mat
ok,5d,1,0,2563,2563,58,570,True
ok,5d,1,1,250,250,74,78,True
ok,5d,1,10,44,44,266,25,True
ok,5d,1,12,250,250,135,114,True
ok,5d,1,13,398,398,113,148,True
ok,5d,1,14,1028,1028,167,442,True
ok,5d,1,15,38,38,170,12,True
ok,5d,1,2,10,10,87,5,True
ok,5d,1,3,1026,1026,125,310,True
ok,5d,1,4,650,650,67,162,True
ok,5d,1,5,65,65,102,30,True
ok,5d,1,6,40,40,275,14,True
ok,5d,1,8,11,11,252,5,True
ok,5d,1,9,79,79,230,27,True
ok,5d,2,0,1537,1537,55,520,True
ok,5d,2,1,213,213,64,68,True
ok,5d,2,10,31,31,249,14,True
ok,5d,2,12,177,177,147,50,True
ok,5d,2,13,358,358,96,134,True
ok,5d,2,14,911,911,175,314,True
ok,5d,2,15,37,37,165,12,True
ok,5d,2,2,5,5,76,1,True
ok,5d,2,3,801,801,119,282,True
ok,5d,2,4,527,527,78,172,True
ok,5d,2,5,124,124,117,44,True
ok,5d,2,6,32,32,263,9,True
ok,5d,2,8,53,53,320,20,True
ok,5d,2,9,114,114,267,92,True
ok,5d,3,0,2255,2255,61,739,True
ok,5d,3,1,246,246,87,80,True
ok,5d,3,10,34,34,260,14,True
ok,5d,3,12,175,175,162,51,True
ok,5d,3,13,230,230,120,64,True
ok,5d,3,14,753,753,175,196,True
ok,5d,3,15,42,42,166,13,True
ok,5d,3,2,13,13,102,9,True
ok,5d,3,3,1285,1285,137,440,True
ok,5d,3,4,604,604,76,231,True
ok,5d,3,5,133,133,103,67,True
ok,5d,3,6,44,44,303,17,True
ok,5d,3,8,10,10,228,5,True
ok,5d,3,9,119,119,259,45,True
ok,5d,4,0,1880,1880,61,490,True
ok,5d,4,1,266,266,75,70,True
ok,5d,4,10,48,48,264,22,True
ok,5d,4,12,171,171,164,68,True
ok,5d,4,13,288,288,114,89,True
ok,5d,4,14,761,761,163,234,True
ok,5d,4,15,50,50,155,13,True
ok,5d,4,2,13,13,83,7,True
ok,5d,4,3,1463,1463,129,576,True
ok,5d,4,4,537,537,71,175,True
ok,5d,4,5,181,181,104,49,True
ok,5d,4,6,42,42,299,12,True
ok,5d,4,8,9,9,334,3,True
ok,5d,4,9,161,161,228,94,True
ok,5d,5,0,2111,2111,72,558,True
ok,5d,5,1,322,322,91,113,True
ok,5d,5,10,74,74,235,46,True
ok,5d,5,12,247,247,144,78,True
ok,5d,5,13,325,325,130,101,True
ok,5d,5,14,555,555,171,176,True
ok,5d,5,15,40,40,167,11,True
ok,5d,5,2,25,25,63,9,True
ok,5d,5,3,1417,1417,124,577,True
ok,5d,5,4,601,601,89,137,True
ok,5d,5,5,210,210,110,68,True
ok,5d,5,6,54,54,271,26,True
ok,5d,5,8,15,15,198,6,True
ok,5d,5,9,228,228,236,124,True
ok,10d,1,0,5482,5482,68,1062,True
ok,10d,1,1,737,737,92,144,True
ok,10d,1,10,149,149,230,70,True
ok,10d,1,12,599,599,145,240,True
ok,10d,1,13,617,617,112,103,True
ok,10d,1,14,1426,1426,170,250,True
ok,10d,1,15,73,73,161,14,True
ok,10d,1,2,45,45,60,14,True
ok,10d,1,3,1552,1552,134,524,True
ok,10d,1,4,1909,1909,69,472,True
ok,10d,1,5,617,617,81,231,True
ok,10d,1,6,104,104,274,19,True
ok,10d,1,8,33,33,282,11,True
ok,10d,1,9,375,375,225,146,True
ok,10d,2,0,4132,4132,64,717,True
ok,10d,2,1,471,471,76,72,True
ok,10d,2,10,147,147,242,54,True
ok,10d,2,12,416,416,146,86,True
ok,10d,2,13,464,464,124,98,True
ok,10d,2,14,1513,1513,168,313,True
ok,10d,2,15,42,42,131,11,True
ok,10d,2,2,24,24,81,7,True
ok,10d,2,3,2662,2662,133,441,True
ok,10d,2,4,1151,1151,81,181,True
ok,10d,2,5,244,244,105,38,True
ok,10d,2,6,69,69,317,18,True
ok,10d,2,8,32,32,232,12,True
ok,10d,2,9,329,329,220,100,True
ok,10d,3,0,3858,3858,63,544,True
ok,10d,3,1,525,525,83,107,True
ok,10d,3,10,376,376,228,133,True
ok,10d,3,12,384,384,155,84,True
ok,10d,3,13,714,714,117,235,True
ok,10d,3,14,1468,1468,175,249,True
ok,10d,3,15,127,127,161,26,True
ok,10d,3,2,42,42,77,14,True
ok,10d,3,3,2166,2166,121,428,True
ok,10d,3,4,1255,1255,79,224,True
ok,10d,3,5,289,289,106,65,True
ok,10d,3,6,155,155,281,61,True
ok,10d,3,8,37,37,237,9,True
ok,10d,3,9,578,578,219,133,True
ok,10d,4,0,4860,4860,49,711,True
ok,10d,4,1,608,608,61,108,True
ok,10d,4,10,117,117,234,34,True
ok,10d,4,12,477,477,133,80,True
ok,10d,4,13,669,669,107,185,True
ok,10d,4,14,1654,1654,146,301,True
ok,10d,4,15,84,84,133,20,True
ok,10d,4,2,43,43,60,15,True
ok,10d,4,3,2207,2207,117,450,True
ok,10d,4,4,1270,1270,59,261,True
ok,10d,4,5,350,350,87,95,True
ok,10d,4,6,109,109,293,24,True
ok,10d,4,8,34,34,252,8,True
ok,10d,4,9,236,236,210,52,True
ok,10d,5,0,3632,3632,66,663,True
ok,10d,5,1,407,407,79,80,True
ok,10d,5,10,144,144,245,39,True
ok,10d,5,12,515,515,135,241,True
ok,10d,5,13,1077,1077,122,248,True
ok,10d,5,14,1524,1524,173,348,True
ok,10d,5,15,81,81,172,16,True
ok,10d,5,2,33,33,79,9,True
ok,10d,5,3,1603,1603,113,342,True
ok,10d,5,4,1240,1240,84,215,True
ok,10d,5,5,234,234,107,53,True
ok,10d,5,6,62,62,309,11,True
ok,10d,5,8,33,33,287,15,True
ok,10d,5,9,521,521,223,131,True
ok,20d,1,0,9576,9576,60,1068,True
ok,20d,1,1,1361,1361,81,161,True
ok,20d,1,10,399,399,231,75,True
ok,20d,1,12,1063,1063,140,121,True
ok,20d,1,13,1586,1586,110,199,True
ok,20d,1,14,2839,2839,158,250,True
ok,20d,1,15,207,207,144,29,True
ok,20d,1,2,123,123,62,30,True
ok,20d,1,3,4529,4529,120,625,True
ok,20d,1,4,3002,3002,72,297,True
ok,20d,1,5,751,751,96,96,True
ok,20d,1,6,183,183,284,21,True
ok,20d,1,8,83,83,247,13,True
ok,20d,1,9,945,945,225,213,True
ok,20d,2,0,7812,7812,60,828,True
ok,20d,2,1,1297,1297,80,136,True
ok,20d,2,10,355,355,236,53,True
ok,20d,2,12,731,731,147,140,True
ok,20d,2,13,1281,1281,112,203,True
ok,20d,2,14,4076,4076,167,410,True
ok,20d,2,15,238,238,149,22,True
ok,20d,2,2,83,83,67,19,True
ok,20d,2,3,5459,5459,131,709,True
ok,20d,2,4,2304,2304,87,256,True
ok,20d,2,5,736,736,107,82,True
ok,20d,2,6,174,174,289,19,True
ok,20d,2,8,76,76,295,19,True
ok,20d,2,9,1107,1107,220,131,True
ok,20d,3,0,9872,9872,54,983,True
ok,20d,3,1,1356,1356,72,157,True
ok,20d,3,10,297,297,224,65,True
ok,20d,3,12,1555,1555,136,385,True
ok,20d,3,13,2943,2943,106,896,True
ok,20d,3,14,3266,3266,152,397,True
ok,20d,3,15,187,187,142,31,True
ok,20d,3,2,86,86,58,19,True
ok,20d,3,3,4328,4328,111,415,True
ok,20d,3,4,2844,2844,64,268,True
ok,20d,3,5,716,716,95,94,True
ok,20d,3,6,173,173,273,19,True
ok,20d,3,8,90,90,248,16,True
ok,20d,3,9,981,981,217,144,True
ok,20d,4,0,8643,8643,62,739,True
ok,20d,4,1,1196,1196,77,131,True
ok,20d,4,10,354,354,225,63,True
ok,20d,4,12,1195,1195,131,438,True
ok,20d,4,13,2213,2213,112,635,True
ok,20d,4,14,3239,3239,167,483,True
ok,20d,4,15,159,159,159,21,True
ok,20d,4,2,68,68,67,9,True
ok,20d,4,3,4002,4002,123,546,True
ok,20d,4,4,2671,2671,72,231,True
ok,20d,4,5,694,694,91,78,True
ok,20d,4,6,194,194,294,22,True
ok,20d,4,8,41,41,257,6,True
ok,20d,4,9,1120,1120,219,262,True
ok,20d,5,0,9979,9979,57,850,True
ok,20d,5,1,1474,1474,74,164,True
ok,20d,5,10,237,237,223,31,True
ok,20d,5,12,1178,1178,133,181,True
ok,20d,5,13,1609,1609,102,261,True
ok,20d,5,14,3088,3088,158,313,True
ok,20d,5,15,199,199,141,25,True
ok,20d,5,2,111,111,47,15,True
ok,20d,5,3,4396,4396,115,462,True
ok,20d,5,4,3218,3218,66,293,True
ok,20d,5,5,1029,1029,80,100,True
ok,20d,5,6,168,168,268,21,True
ok,20d,5,8,64,64,247,8,True
ok,20d,5,9,1044,1044,218,221,True
ok,50d,1,0,22184,22184,57,840,True
ok,50d,1,1,3242,3242,77,129,True
ok,50d,1,10,983,983,215,133,True
ok,50d,1,12,2526,2526,132,240,True
ok,50d,1,13,4070,4070,103,188,True
ok,50d,1,14,7227,7227,159,436,True
ok,50d,1,15,511,511,143,28,True
ok,50d,1,2,214,214,59,44,True
ok,50d,1,3,11184,11184,113,534,True
ok,50d,1,4,7046,7046,67,399,True
ok,50d,1,5,1853,1853,87,185,True
ok,50d,1,6,542,542,271,61,True
ok,50d,1,8,182,182,258,17,True
ok,50d,1,9,2062,2062,222,154,True
ok,50d,2,0,24411,24411,60,1302,True
ok,50d,2,1,2889,2889,71,140,True
ok,50d,2,10,716,716,232,70,True
ok,50d,2,12,2607,2607,131,192,True
ok,50d,2,13,3822,3822,106,339,True
ok,50d,2,14,7570,7570,167,475,True
ok,50d,2,15,441,441,144,29,True
ok,50d,2,2,181,181,58,17,True
ok,50d,2,3,8742,8742,120,860,True
ok,50d,2,4,6944,6944,69,311,True
ok,50d,2,5,1496,1496,89,107,True
ok,50d,2,6,420,420,277,22,True
ok,50d,2,8,137,137,245,10,True
ok,50d,2,9,2081,2081,227,181,True
ok,50d,3,0,21479,21479,52,987,True
ok,50d,3,1,2978,2978,76,122,True
ok,50d,3,10,552,552,229,63,True
ok,50d,3,12,2752,2752,126,413,True
ok,50d,3,13,4432,4432,96,507,True
ok,50d,3,14,7346,7346,156,293,True
ok,50d,3,15,455,455,139,29,True
ok,50d,3,2,232,232,54,14,True
ok,50d,3,3,10774,10774,116,625,True
ok,50d,3,4,6601,6601,67,317,True
ok,50d,3,5,1923,1923,84,107,True
ok,50d,3,6,460,460,268,42,True
ok,50d,3,8,162,162,270,13,True
ok,50d,3,9,1811,1811,214,191,True
ok,50d,4,0,23885,23885,58,1068,True
ok,50d,4,1,3250,3250,73,161,True
ok,50d,4,10,681,681,219,53,True
ok,50d,4,12,2385,2385,139,241,True
ok,50d,4,13,4361,4361,106,220,True
ok,50d,4,14,8961,8961,153,514,True
ok,50d,4,15,527,527,139,31,True
ok,50d,4,2,218,218,58,30,True
ok,50d,4,3,11340,11340,116,625,True
ok,50d,4,4,6322,6322,69,331,True
ok,50d,4,5,1738,1738,91,92,True
ok,50d,4,6,423,423,271,24,True
ok,50d,4,8,265,265,298,96,True
ok,50d,4,9,1673,1673,218,178,True
ok,50d,5,0,23916,23916,61,1182,True
ok,50d,5,1,3109,3109,76,175,True
ok,50d,5,10,904,904,231,101,True
ok,50d,5,12,2341,2341,132,175,True
ok,50d,5,13,4080,4080,109,301,True
ok,50d,5,14,8777,8777,163,579,True
ok,50d,5,15,502,502,151,23,True
ok,50d,5,2,196,196,61,20,True
ok,50d,5,3,9196,9196,118,500,True
ok,50d,5,4,6509,6509,70,269,True
ok,50d,5,5,1727,1727,96,106,True
ok,50d,5,6,399,399,268,30,True
ok,50d,5,8,256,256,252,79,True
ok,50d,5,9,2387,2387,226,213,True
ok,100d,1,0,42619,42619,57,1381,True
ok,100d,1,1,5832,5832,70,166,True
ok,100d,1,10,1718,1718,223,96,True
ok,100d,1,12,5739,5739,136,417,True
ok,100d,1,13,10140,10140,105,779,True
ok,100d,1,14,15975,15975,156,456,True
ok,100d,1,15,1054,1054,140,52,True
ok,100d,1,2,309,309,63,16,True
ok,100d,1,3,22801,22801,118,717,True
ok,100d,1,4,12544,12544,70,472,True
ok,100d,1,5,3267,3267,88,231,True
ok,100d,1,6,917,917,263,42,True
ok,100d,1,8,360,360,256,19,True
ok,100d,1,9,4351,4351,224,262,True
ok,100d,2,0,45902,45902,57,1183,True
ok,100d,2,1,6279,6279,77,157,True
ok,100d,2,10,1256,1256,229,99,True
ok,100d,2,12,5071,5071,146,588,True
ok,100d,2,13,8478,8478,109,896,True
ok,100d,2,14,16081,16081,162,514,True
ok,100d,2,15,1023,1023,142,52,True
ok,100d,2,2,377,377,57,25,True
ok,100d,2,3,18678,18678,119,595,True
ok,100d,2,4,13203,13203,68,410,True
ok,100d,2,5,3169,3169,92,115,True
ok,100d,2,6,841,841,282,47,True
ok,100d,2,8,365,365,249,25,True
ok,100d,2,9,4022,4022,224,385,True
ok,100d,3,0,45287,45287,59,913,True
ok,100d,3,1,6046,6046,76,155,True
ok,100d,3,10,1637,1637,225,94,True
ok,100d,3,12,4951,4951,132,240,True
ok,100d,3,13,7502,7502,109,253,True
ok,100d,3,14,17499,17499,160,498,True
ok,100d,3,15,1055,1055,138,52,True
ok,100d,3,2,347,347,61,21,True
ok,100d,3,3,20791,20791,116,625,True
ok,100d,3,4,13659,13659,70,363,True
ok,100d,3,5,3529,3529,93,105,True
ok,100d,3,6,969,969,282,47,True
ok,100d,3,8,351,351,257,18,True
ok,100d,3,9,4304,4304,225,385,True
ok,100d,4,0,43250,43250,59,903,True
ok,100d,4,1,5627,5627,79,146,True
ok,100d,4,10,1536,1536,224,79,True
ok,100d,4,12,4371,4371,128,370,True
ok,100d,4,13,7849,7849,105,779,True
ok,100d,4,14,16781,16781,163,444,True
ok,100d,4,15,970,970,138,62,True
ok,100d,4,2,380,380,62,35,True
ok,100d,4,3,21465,21465,117,583,True
ok,100d,4,4,12877,12877,73,479,True
ok,100d,4,5,3379,3379,93,239,True
ok,100d,4,6,855,855,268,26,True
ok,100d,4,8,340,340,254,25,True
ok,100d,4,9,3769,3769,223,158,True
ok,100d,5,0,46560,46560,57,903,True
ok,100d,5,1,6248,6248,74,182,True
ok,100d,5,10,1294,1294,216,51,True
ok,100d,5,12,4344,4344,124,370,True
ok,100d,5,13,8336,8336,102,779,True
ok,100d,5,14,16674,16674,156,579,True
ok,100d,5,15,1006,1006,135,39,True
ok,100d,5,2,388,388,58,21,True
ok,100d,5,3,21073,21073,113,717,True
ok,100d,5,4,13197,13197,64,270,True
ok,100d,5,5,3472,3472,92,96,True
ok,100d,5,6,851,851,266,28,True
ok,100d,5,8,331,331,244,24,True
ok,100d,5,9,3120,3120,216,238,True
ok,200d,1,0,93561,93561,58,1054,True
ok,200d,1,1,12841,12841,78,166,True
ok,200d,1,10,3140,3140,225,99,True
ok,200d,1,12,9451,9451,135,241,True
ok,200d,1,13,15286,15286,107,316,True
ok,200d,1,14,33069,33069,163,531,True
ok,200d,1,15,2025,2025,146,43,True
ok,200d,1,2,862,862,54,25,True
ok,200d,1,3,42569,42569,119,613,True
ok,200d,1,4,27168,27168,70,410,True
ok,200d,1,5,7270,7270,96,148,True
ok,200d,1,6,1699,1699,275,42,True
ok,200d,1,8,675,675,266,20,True
ok,200d,1,9,8248,8248,221,189,True
ok,200d,2,0,98042,98042,58,1184,True
ok,200d,2,1,12415,12415,75,175,True
ok,200d,2,10,2969,2969,228,133,True
ok,200d,2,12,9033,9033,136,187,True
ok,200d,2,13,15028,15028,108,316,True
ok,200d,2,14,34312,34312,165,588,True
ok,200d,2,15,2111,2111,138,52,True
ok,200d,2,2,770,770,55,23,True
ok,200d,2,3,40656,40656,119,749,True
ok,200d,2,4,26720,26720,71,363,True
ok,200d,2,5,6594,6594,91,107,True
ok,200d,2,6,1809,1809,274,61,True
ok,200d,2,8,779,779,274,96,True
ok,200d,2,9,7595,7595,226,385,True
ok,200d,3,0,97116,97116,56,1381,True
ok,200d,3,1,12122,12122,74,161,True
ok,200d,3,10,2667,2667,227,95,True
ok,200d,3,12,8997,8997,132,392,True
ok,200d,3,13,16102,16102,106,448,True
ok,200d,3,14,31707,31707,159,498,True
ok,200d,3,15,2085,2085,136,62,True
ok,200d,3,2,1009,1009,53,41,True
ok,200d,3,3,42362,42362,116,717,True
ok,200d,3,4,28363,28363,67,472,True
ok,200d,3,5,6844,6844,85,231,True
ok,200d,3,6,1706,1706,264,38,True
ok,200d,3,8,585,585,252,16,True
ok,200d,3,9,7180,7180,221,300,True
ok,200d,4,0,95481,95481,58,1182,True
ok,200d,4,1,13162,13162,74,188,True
ok,200d,4,10,3089,3089,227,133,True
ok,200d,4,12,9561,9561,132,438,True
ok,200d,4,13,16684,16684,106,635,True
ok,200d,4,14,33296,33296,162,483,True
ok,200d,4,15,1959,1959,141,62,True
ok,200d,4,2,893,893,59,21,True
ok,200d,4,3,38891,38891,118,860,True
ok,200d,4,4,28131,28131,67,370,True
ok,200d,4,5,6999,6999,90,143,True
ok,200d,4,6,1747,1747,273,61,True
ok,200d,4,8,716,716,256,23,True
ok,200d,4,9,7517,7517,223,181,True
ok,200d,5,0,93907,93907,58,1302,True
ok,200d,5,1,12664,12664,76,182,True
ok,200d,5,10,3260,3260,224,101,True
ok,200d,5,12,9870,9870,133,392,True
ok,200d,5,13,16777,16777,106,896,True
ok,200d,5,14,33881,33881,157,588,True
ok,200d,5,15,1956,1956,137,32,True
ok,200d,5,2,807,807,58,44,True
ok,200d,5,3,40425,40425,117,717,True
ok,200d,5,4,26414,26414,68,391,True
ok,200d,5,5,6862,6862,89,185,True
ok,200d,5,6,1784,1784,267,34,True
ok,200d,5,8,657,657,250,62,True
ok,200d,5,9,7759,7759,217,221,True
ok,200d,6,0,90829,90829,57,1130,True
ok,200d,6,1,12606,12606,75,188,True
ok,200d,6,10,3274,3274,223,95,True
ok,200d,6,12,9614,9614,127,413,True
ok,200d,6,13,16827,16827,105,507,True
ok,200d,6,14,33084,33084,157,588,True
ok,200d,6,15,1950,1950,133,60,True
ok,200d,6,2,729,729,56,29,True
ok,200d,6,3,41434,41434,115,709,True
ok,200d,6,4,27080,27080,68,316,True
ok,200d,6,5,6792,6792,86,123,True
ok,200d,6,6,1807,1807,280,29,True
ok,200d,6,8,811,811,250,79,True
ok,200d,6,9,7722,7722,222,262,True
ok,490d,1,0,225579,225579,56,1289,True
ok,490d,1,1,30520,30520,71,180,True
ok,490d,1,10,7647,7647,220,133,True
ok,490d,1,12,24151,24151,124,417,True
ok,490d,1,13,41616,41616,101,896,True
ok,490d,1,14,79019,79019,148,622,True
ok,490d,1,15,4909,4909,132,62,True
ok,490d,1,2,2009,2009,51,41,True
ok,490d,1,3,106099,106099,114,860,True
ok,490d,1,4,65625,65625,60,479,True
ok,490d,1,5,17426,17426,80,239,True
ok,490d,1,6,4435,4435,258,61,True
ok,490d,1,8,1867,1867,239,96,True
ok,490d,1,9,19145,19145,213,385,True
ok,490d,2,0,231664,231664,58,1302,True
ok,490d,2,1,30740,30740,78,175,True
ok,490d,2,10,7844,7844,226,133,True
ok,490d,2,12,24035,24035,136,438,True
ok,490d,2,13,42636,42636,109,896,True
ok,490d,2,14,80661,80661,164,530,True
ok,490d,2,15,4906,4906,140,60,True
ok,490d,2,2,2119,2119,56,44,True
ok,490d,2,3,104131,104131,117,749,True
ok,490d,2,4,66987,66987,70,479,True
ok,490d,2,5,17102,17102,93,239,True
ok,490d,2,6,4377,4377,276,61,True
ok,490d,2,8,1836,1836,259,96,True
ok,490d,2,9,18602,18602,223,262,True
ok,490d,3,0,232350,232350,58,1381,True
ok,490d,3,1,30963,30963,77,175,True
ok,490d,3,10,7342,7342,222,133,True
ok,490d,3,12,24411,24411,131,588,True
ok,490d,3,13,39748,39748,106,896,True
ok,490d,3,14,76645,76645,159,515,True
ok,490d,3,15,4810,4810,136,52,True
ok,490d,3,2,2031,2031,55,41,True
ok,490d,3,3,101735,101735,118,860,True
ok,490d,3,4,66648,66648,68,479,True
ok,490d,3,5,17082,17082,90,239,True
ok,490d,3,6,4366,4366,274,61,True
ok,490d,3,8,1883,1883,260,96,True
ok,490d,3,9,18523,18523,223,300,True
ok,490d,4,0,231990,231990,58,1302,True
ok,490d,4,1,30853,30853,77,188,True
ok,490d,4,10,7321,7321,226,133,True
ok,490d,4,12,23044,23044,134,417,True
ok,490d,4,13,39843,39843,106,693,True
ok,490d,4,14,79290,79290,160,622,True
ok,490d,4,15,4736,4736,139,62,True
ok,490d,4,2,1996,1996,55,41,True
ok,490d,4,3,105615,105615,117,860,True
ok,490d,4,4,66537,66537,68,416,True
ok,490d,4,5,16933,16933,90,148,True
ok,490d,4,6,4352,4352,270,61,True
ok,490d,4,8,1706,1706,257,79,True
ok,490d,4,9,17895,17895,220,238,True
ok,490d,5,0,228336,228336,58,1184,True
ok,490d,5,1,30407,30407,77,188,True
ok,490d,5,10,7364,7364,227,101,True
ok,490d,5,12,22874,22874,130,392,True
ok,490d,5,13,41553,41553,106,896,True
ok,490d,5,14,79234,79234,160,588,True
ok,490d,5,15,4949,4949,136,62,True
ok,490d,5,2,1947,1947,57,34,True
ok,490d,5,3,104594,104594,118,717,True
ok,490d,5,4,65742,65742,70,416,True
ok,490d,5,5,17004,17004,93,148,True
ok,490d,5,6,4281,4281,273,42,True
ok,490d,5,8,1764,1764,255,96,True
ok,490d,5,9,18996,18996,223,238,True
aida,5d,1,B_cell,70,70,425,28,True
aida,5d,1,CD14-low__CD16-positive_monocyte,312,312,654,96,True
aida,5d,1,CD14-positive_monocyte,1883,1883,583,632,True
aida,5d,1,CD141-positive_myeloid_dendritic_cell,5,5,408,2,True
aida,5d,1,CD16-negative__CD56-bright_natural_killer_cell__human,44,44,461,32,True
aida,5d,1,CD16-positive__CD56-dim_natural_killer_cell__human,1008,1008,419,356,True
aida,5d,1,CD1c-positive_myeloid_dendritic_cell,110,110,618,33,True
aida,5d,1,CD4-positive__alpha-beta_T_cell,123,123,387,37,True
aida,5d,1,CD4-positive__alpha-beta_cytotoxic_T_cell,138,138,414,52,True
aida,5d,1,CD8-positive__alpha-beta_T_cell,13,13,456,5,True
aida,5d,1,CD8-positive__alpha-beta_cytotoxic_T_cell,772,772,418,372,True
aida,5d,1,CD8-positive__alpha-beta_memory_T_cell,261,261,412,91,True
aida,5d,1,T_cell,161,161,406,65,True
aida,5d,1,central_memory_CD4-positive__alpha-beta_T_cell,681,681,386,175,True
aida,5d,1,double_negative_T_regulatory_cell,4,4,534,2,True
aida,5d,1,effector_memory_CD4-positive__alpha-beta_T_cell,116,116,391,35,True
aida,5d,1,erythrocyte,2,2,412,1,True
aida,5d,1,gamma-delta_T_cell,101,101,413,42,True
aida,5d,1,mature_B_cell,44,44,486,20,True
aida,5d,1,memory_B_cell,208,208,426,95,True
aida,5d,1,monocyte,221,221,624,74,True
aida,5d,1,mucosal_invariant_T_cell,86,86,391,26,True
aida,5d,1,naive_B_cell,121,121,353,54,True
aida,5d,1,naive_thymus-derived_CD4-positive__alpha-beta_T_cell,656,656,319,213,True
aida,5d,1,naive_thymus-derived_CD8-positive__alpha-beta_T_cell,451,451,339,333,True
aida,5d,1,natural_killer_cell,66,66,450,27,True
aida,5d,1,plasma_cell,6,6,225,4,True
aida,5d,1,plasmacytoid_dendritic_cell,22,22,571,14,True
aida,5d,1,platelet,108,108,396,59,True
aida,5d,1,regulatory_T_cell,74,74,387,19,True
aida,5d,2,B_cell,90,90,458,62,True
aida,5d,2,CD14-low__CD16-positive_monocyte,430,430,637,136,True
aida,5d,2,CD14-positive_monocyte,1829,1829,565,473,True
aida,5d,2,CD141-positive_myeloid_dendritic_cell,11,11,457,4,True
aida,5d,2,CD16-negative__CD56-bright_natural_killer_cell__human,39,39,481,12,True
aida,5d,2,CD16-positive__CD56-dim_natural_killer_cell__human,1331,1331,454,590,True
aida,5d,2,CD1c-positive_myeloid_dendritic_cell,144,144,656,45,True
aida,5d,2,CD4-positive__alpha-beta_T_cell,154,154,403,57,True
aida,5d,2,CD4-positive__alpha-beta_cytotoxic_T_cell,91,91,422,58,True
aida,5d,2,CD8-positive__alpha-beta_T_cell,9,9,522,3,True
aida,5d,2,CD8-positive__alpha-beta_cytotoxic_T_cell,416,416,441,183,True
aida,5d,2,CD8-positive__alpha-beta_memory_T_cell,382,382,424,142,True
aida,5d,2,T_cell,110,110,435,64,True
aida,5d,2,central_memory_CD4-positive__alpha-beta_T_cell,1269,1269,408,319,True
aida,5d,2,conventional_dendritic_cell,2,2,541,2,True
aida,5d,2,double_negative_T_regulatory_cell,7,7,384,2,True
aida,5d,2,effector_memory_CD4-positive__alpha-beta_T_cell,238,238,419,66,True
aida,5d,2,erythrocyte,2,2,593,2,True
aida,5d,2,gamma-delta_T_cell,333,333,435,198,True
aida,5d,2,innate_lymphoid_cell,5,5,343,2,True
aida,5d,2,mature_B_cell,39,39,486,12,True
aida,5d,2,memory_B_cell,252,252,470,73,True
aida,5d,2,monocyte,104,104,673,29,True
aida,5d,2,mucosal_invariant_T_cell,206,206,436,86,True
aida,5d,2,naive_B_cell,371,371,386,195,True
aida,5d,2,naive_thymus-derived_CD4-positive__alpha-beta_T_cell,1305,1305,353,545,True
aida,5d,2,naive_thymus-derived_CD8-positive__alpha-beta_T_cell,322,322,372,106,True
aida,5d,2,natural_killer_cell,58,58,478,51,True
aida,5d,2,plasma_cell,12,12,384,8,True
aida,5d,2,plasmacytoid_dendritic_cell,40,40,567,16,True
aida,5d,2,platelet,119,119,451,62,True
aida,5d,2,regulatory_T_cell,98,98,416,24,True
aida,5d,3,B_cell,39,39,449,22,True
aida,5d,3,CD14-low__CD16-positive_monocyte,375,375,641,161,True
aida,5d,3,CD14-positive_monocyte,1725,1725,554,446,True
aida,5d,3,CD141-positive_myeloid_dendritic_cell,6,6,436,3,True
aida,5d,3,CD16-negative__CD56-bright_natural_killer_cell__human,58,58,463,33,True
aida,5d,3,CD16-positive__CD56-dim_natural_killer_cell__human,1643,1643,424,496,True
aida,5d,3,CD1c-positive_myeloid_dendritic_cell,113,113,614,36,True
aida,5d,3,CD4-positive__alpha-beta_T_cell,214,214,398,69,True
aida,5d,3,CD4-positive__alpha-beta_cytotoxic_T_cell,105,105,424,35,True
aida,5d,3,CD8-positive__alpha-beta_T_cell,17,17,377,6,True
aida,5d,3,CD8-positive__alpha-beta_cytotoxic_T_cell,594,594,427,377,True
aida,5d,3,CD8-positive__alpha-beta_memory_T_cell,233,233,425,72,True
aida,5d,3,T_cell,130,130,390,73,True
aida,5d,3,central_memory_CD4-positive__alpha-beta_T_cell,943,943,392,225,True
aida,5d,3,dendritic_cell,2,2,511,1,True
aida,5d,3,double_negative_T_regulatory_cell,4,4,554,2,True
aida,5d,3,effector_memory_CD4-positive__alpha-beta_T_cell,182,182,402,51,True
aida,5d,3,gamma-delta_T_cell,216,216,421,101,True
aida,5d,3,mature_B_cell,23,23,498,8,True
aida,5d,3,memory_B_cell,316,316,448,123,True
aida,5d,3,monocyte,130,130,578,49,True
aida,5d,3,mucosal_invariant_T_cell,145,145,417,38,True
aida,5d,3,naive_B_cell,237,237,383,70,True
aida,5d,3,naive_thymus-derived_CD4-positive__alpha-beta_T_cell,1412,1412,333,499,True
aida,5d,3,naive_thymus-derived_CD8-positive__alpha-beta_T_cell,563,563,355,179,True
aida,5d,3,natural_killer_cell,48,48,472,22,True
aida,5d,3,plasma_cell,20,20,282,8,True
aida,5d,3,plasmacytoid_dendritic_cell,29,29,588,9,True
aida,5d,3,platelet,58,58,431,28,True
aida,5d,3,regulatory_T_cell,100,100,406,36,True
aida,5d,4,B_cell,70,70,402,24,True
aida,5d,4,CD14-low__CD16-positive_monocyte,480,480,653,147,True
aida,5d,4,CD14-positive_monocyte,2110,2110,588,543,True
aida,5d,4,CD141-positive_myeloid_dendritic_cell,10,10,407,4,True
aida,5d,4,CD16-negative__CD56-bright_natural_killer_cell__human,37,37,429,14,True
aida,5d,4,CD16-positive__CD56-dim_natural_killer_cell__human,1010,1010,434,285,True
aida,5d,4,CD1c-positive_myeloid_dendritic_cell,157,157,644,44,True
aida,5d,4,CD4-positive__alpha-beta_T_cell,208,208,387,77,True
aida,5d,4,CD4-positive__alpha-beta_cytotoxic_T_cell,153,153,391,117,True
aida,5d,4,CD8-positive__alpha-beta_T_cell,20,20,367,16,True
aida,5d,4,CD8-positive__alpha-beta_cytotoxic_T_cell,677,677,429,267,True
aida,5d,4,CD8-positive__alpha-beta_memory_T_cell,573,573,405,281,True
aida,5d,4,T_cell,297,297,395,143,True
aida,5d,4,central_memory_CD4-positive__alpha-beta_T_cell,1084,1084,396,308,True
aida,5d,4,conventional_dendritic_cell,3,3,637,2,True
aida,5d,4,double_negative_T_regulatory_cell,2,2,409,1,True
aida,5d,4,effector_memory_CD4-positive__alpha-beta_T_cell,241,241,367,113,True
aida,5d,4,erythrocyte,2,2,449,1,True
aida,5d,4,gamma-delta_T_cell,206,206,430,84,True
aida,5d,4,innate_lymphoid_cell,5,5,313,3,True
aida,5d,4,mature_B_cell,52,52,447,19,True
aida,5d,4,memory_B_cell,330,330,419,89,True
aida,5d,4,monocyte,251,251,664,84,True
aida,5d,4,mucosal_invariant_T_cell,111,111,419,46,True
aida,5d,4,naive_B_cell,336,336,381,178,True
aida,5d,4,naive_thymus-derived_CD4-positive__alpha-beta_T_cell,1427,1427,319,630,True
aida,5d,4,naive_thymus-derived_CD8-positive__alpha-beta_T_cell,391,391,319,157,True
aida,5d,4,natural_killer_cell,54,54,448,20,True
aida,5d,4,plasma_cell,16,16,306,7,True
aida,5d,4,plasmacytoid_dendritic_cell,17,17,569,9,True
aida,5d,4,platelet,177,177,402,57,True
aida,5d,4,regulatory_T_cell,116,116,374,32,True
aida,5d,5,B_cell,40,40,363,16,True
aida,5d,5,CD14-low__CD16-positive_monocyte,176,176,677,77,True
aida,5d,5,CD14-positive_monocyte,1044,1044,578,326,True
aida,5d,5,CD16-negative__CD56-bright_natural_killer_cell__human,18,18,500,13,True
aida,5d,5,CD16-positive__CD56-dim_natural_killer_cell__human,571,571,457,273,True
aida,5d,5,CD1c-positive_myeloid_dendritic_cell,78,78,659,26,True
aida,5d,5,CD4-positive__alpha-beta_T_cell,87,87,373,42,True
aida,5d,5,CD4-positive__alpha-beta_cytotoxic_T_cell,31,31,450,14,True
aida,5d,5,CD8-positive__alpha-beta_T_cell,9,9,515,8,True
aida,5d,5,CD8-positive__alpha-beta_cytotoxic_T_cell,310,310,467,137,True
aida,5d,5,CD8-positive__alpha-beta_memory_T_cell,196,196,439,60,True
aida,5d,5,T_cell,25,25,467,12,True
aida,5d,5,central_memory_CD4-positive__alpha-beta_T_cell,664,664,415,241,True
aida,5d,5,dendritic_cell,2,2,525,2,True
aida,5d,5,effector_memory_CD4-positive__alpha-beta_T_cell,141,141,404,60,True
aida,5d,5,gamma-delta_T_cell,159,159,463,91,True
aida,5d,5,mature_B_cell,19,19,499,7,True
aida,5d,5,memory_B_cell,191,191,466,72,True
aida,5d,5,monocyte,33,33,632,12,True
aida,5d,5,mucosal_invariant_T_cell,96,96,422,77,True
aida,5d,5,naive_B_cell,222,222,390,132,True
aida,5d,5,naive_thymus-derived_CD4-positive__alpha-beta_T_cell,824,824,364,516,True
aida,5d,5,naive_thymus-derived_CD8-positive__alpha-beta_T_cell,359,359,378,288,True
aida,5d,5,natural_killer_cell,10,10,411,8,True
aida,5d,5,plasma_cell,14,14,338,8,True
aida,5d,5,plasmacytoid_dendritic_cell,18,18,586,18,True
aida,5d,5,platelet,37,37,463,16,True
aida,5d,5,regulatory_T_cell,69,69,419,37,True
aida,5d,6,B_cell,47,47,403,17,True
aida,5d,6,CD14-low__CD16-positive_monocyte,275,275,624,91,True
aida,5d,6,CD14-positive_monocyte,1412,1412,518,606,True
aida,5d,6,CD141-positive_myeloid_dendritic_cell,2,2,423,1,True
aida,5d,6,CD16-negative__CD56-bright_natural_killer_cell__human,32,32,441,10,True
aida,5d,6,CD16-positive__CD56-dim_natural_killer_cell__human,1454,1454,397,659,True
aida,5d,6,CD1c-positive_myeloid_dendritic_cell,90,90,638,31,True
aida,5d,6,CD4-positive__alpha-beta_T_cell,150,150,391,37,True
aida,5d,6,CD4-positive__alpha-beta_cytotoxic_T_cell,186,186,380,74,True
aida,5d,6,CD8-positive__alpha-beta_T_cell,31,31,396,12,True
aida,5d,6,CD8-positive__alpha-beta_cytotoxic_T_cell,638,638,412,315,True
aida,5d,6,CD8-positive__alpha-beta_memory_T_cell,532,532,398,195,True
aida,5d,6,T_cell,79,79,415,26,True
aida,5d,6,central_memory_CD4-positive__alpha-beta_T_cell,1142,1142,391,365,True
aida,5d,6,double_negative_T_regulatory_cell,6,6,391,4,True
aida,5d,6,effector_memory_CD4-positive__alpha-beta_T_cell,248,248,375,90,True
aida,5d,6,gamma-delta_T_cell,211,211,422,89,True
aida,5d,6,mature_B_cell,32,32,453,10,True
aida,5d,6,memory_B_cell,267,267,430,94,True
aida,5d,6,monocyte,89,89,557,36,True
aida,5d,6,mucosal_invariant_T_cell,201,201,406,60,True
aida,5d,6,naive_B_cell,347,347,354,189,True
aida,5d,6,naive_thymus-derived_CD4-positive__alpha-beta_T_cell,950,950,327,288,True
aida,5d,6,naive_thymus-derived_CD8-positive__alpha-beta_T_cell,586,586,350,283,True
aida,5d,6,natural_killer_cell,21,21,413,13,True
aida,5d,6,plasma_cell,26,26,259,20,True
aida,5d,6,plasmacytoid_dendritic_cell,14,14,574,8,True
aida,5d,6,platelet,46,46,411,36,True
aida,5d,6,regulatory_T_cell,99,99,399,41,True
aida,10d,1,B_cell,99,99,431,30,True
aida,10d,1,CD14-low__CD16-positive_monocyte,872,872,647,155,True
aida,10d,1,CD14-positive_monocyte,3484,3484,598,543,True
aida,10d,1,CD141-positive_myeloid_dendritic_cell,19,19,459,4,True
aida,10d,1,CD16-negative__CD56-bright_natural_killer_cell__human,81,81,442,14,True
aida,10d,1,CD16-positive__CD56-dim_natural_killer_cell__human,2220,2220,430,452,True
aida,10d,1,CD1c-positive_myeloid_dendritic_cell,332,332,633,48,True
aida,10d,1,CD4-positive__alpha-beta_T_cell,431,431,393,77,True
aida,10d,1,CD4-positive__alpha-beta_cytotoxic_T_cell,366,366,424,173,True
aida,10d,1,CD8-positive__alpha-beta_T_cell,35,35,416,6,True
aida,10d,1,CD8-positive__alpha-beta_cytotoxic_T_cell,1397,1397,432,337,True
aida,10d,1,CD8-positive__alpha-beta_memory_T_cell,904,904,412,186,True
aida,10d,1,T_cell,556,556,413,143,True
aida,10d,1,central_memory_CD4-positive__alpha-beta_T_cell,2317,2317,395,392,True
aida,10d,1,conventional_dendritic_cell,2,2,688,1,True
aida,10d,1,dendritic_cell,2,2,600,1,True
aida,10d,1,double_negative_T_regulatory_cell,11,11,410,4,True
aida,10d,1,effector_memory_CD4-positive__alpha-beta_T_cell,537,537,403,95,True
aida,10d,1,gamma-delta_T_cell,297,297,423,49,True
aida,10d,1,innate_lymphoid_cell,7,7,378,3,True
aida,10d,1,mature_B_cell,58,58,463,12,True
aida,10d,1,memory_B_cell,482,482,428,105,True
aida,10d,1,monocyte,269,269,669,46,True
aida,10d,1,mucosal_invariant_T_cell,543,543,429,170,True
aida,10d,1,naive_B_cell,428,428,370,129,True
aida,10d,1,naive_thymus-derived_CD4-positive__alpha-beta_T_cell,2967,2967,326,630,True
aida,10d,1,naive_thymus-derived_CD8-positive__alpha-beta_T_cell,1113,1113,349,376,True
aida,10d,1,natural_killer_cell,125,125,462,35,True
aida,10d,1,plasma_cell,36,36,306,8,True
aida,10d,1,plasmacytoid_dendritic_cell,62,62,595,10,True
aida,10d,1,platelet,213,213,412,60,True
aida,10d,1,regulatory_T_cell,267,267,408,46,True
aida,10d,2,B_cell,174,174,412,40,True
aida,10d,2,CD14-low__CD16-positive_monocyte,729,729,635,123,True
aida,10d,2,CD14-positive_monocyte,3093,3093,544,490,True
aida,10d,2,CD141-positive_myeloid_dendritic_cell,9,9,489,4,True
aida,10d,2,CD16-negative__CD56-bright_natural_killer_cell__human,114,114,437,21,True
aida,10d,2,CD16-positive__CD56-dim_natural_killer_cell__human,2940,2940,425,643,True
aida,10d,2,CD1c-positive_myeloid_dendritic_cell,254,254,635,61,True
aida,10d,2,CD4-positive__alpha-beta_T_cell,458,458,385,66,True
aida,10d,2,CD4-positive__alpha-beta_cytotoxic_T_cell,229,229,415,70,True
aida,10d,2,CD8-positive__alpha-beta_T_cell,56,56,382,17,True
aida,10d,2,CD8-positive__alpha-beta_cytotoxic_T_cell,1061,1061,417,251,True
aida,10d,2,CD8-positive__alpha-beta_memory_T_cell,914,914,420,259,True
aida,10d,2,T_cell,239,239,434,47,True
aida,10d,2,central_memory_CD4-positive__alpha-beta_T_cell,2542,2542,396,642,True
aida,10d,2,conventional_dendritic_cell,2,2,553,1,True
aida,10d,2,dendritic_cell,3,3,491,1,True
aida,10d,2,double_negative_T_regulatory_cell,12,12,408,3,True
aida,10d,2,effector_memory_CD4-positive__alpha-beta_T_cell,698,698,403,229,True
aida,10d,2,gamma-delta_T_cell,362,362,439,90,True
aida,10d,2,innate_lymphoid_cell,12,12,403,5,True
aida,10d,2,mature_B_cell,86,86,451,23,True
aida,10d,2,memory_B_cell,758,758,440,135,True
aida,10d,2,monocyte,245,245,602,66,True
aida,10d,2,mucosal_invariant_T_cell,372,372,378,109,True
aida,10d,2,naive_B_cell,1184,1184,357,401,True
aida,10d,2,naive_thymus-derived_CD4-positive__alpha-beta_T_cell,3108,3108,325,434,True
aida,10d,2,naive_thymus-derived_CD8-positive__alpha-beta_T_cell,1513,1513,331,331,True
aida,10d,2,natural_killer_cell,110,110,463,46,True
aida,10d,2,plasma_cell,51,51,287,9,True
aida,10d,2,plasmacytoid_dendritic_cell,52,52,568,15,True
aida,10d,2,platelet,195,195,436,46,True
aida,10d,2,regulatory_T_cell,392,392,377,78,True
aida,10d,3,B_cell,88,88,409,14,True
aida,10d,3,CD14-low__CD16-positive_monocyte,597,597,655,80,True
aida,10d,3,CD14-positive_monocyte,3264,3264,554,469,True
aida,10d,3,CD141-positive_myeloid_dendritic_cell,18,18,491,6,True
aida,10d,3,CD16-negative__CD56-bright_natural_killer_cell__human,93,93,432,20,True
aida,10d,3,CD16-positive__CD56-dim_natural_killer_cell__human,2334,2334,415,474,True
aida,10d,3,CD1c-positive_myeloid_dendritic_cell,231,231,621,38,True
aida,10d,3,CD4-positive__alpha-beta_T_cell,364,364,380,50,True
aida,10d,3,CD4-positive__alpha-beta_cytotoxic_T_cell,353,353,401,188,True
aida,10d,3,CD8-positive__alpha-beta_T_cell,58,58,403,18,True
aida,10d,3,CD8-positive__alpha-beta_cytotoxic_T_cell,832,832,405,193,True
aida,10d,3,CD8-positive__alpha-beta_memory_T_cell,647,647,400,137,True
aida,10d,3,T_cell,273,273,422,89,True
aida,10d,3,central_memory_CD4-positive__alpha-beta_T_cell,1997,1997,385,318,True
aida,10d,3,conventional_dendritic_cell,4,4,774,2,True
aida,10d,3,dendritic_cell,3,3,734,1,True
aida,10d,3,double_negative_T_regulatory_cell,12,12,366,5,True
aida,10d,3,effector_memory_CD4-positive__alpha-beta_T_cell,467,467,389,95,True
aida,10d,3,gamma-delta_T_cell,398,398,433,107,True
aida,10d,3,innate_lymphoid_cell,5,5,317,1,True
aida,10d,3,mature_B_cell,71,71,459,19,True
aida,10d,3,memory_B_cell,435,435,442,94,True
aida,10d,3,monocyte,226,226,613,40,True
aida,10d,3,mucosal_invariant_T_cell,394,394,405,139,True
aida,10d,3,naive_B_cell,675,675,374,185,True
aida,10d,3,naive_thymus-derived_CD4-positive__alpha-beta_T_cell,3152,3152,320,573,True
aida,10d,3,naive_thymus-derived_CD8-positive__alpha-beta_T_cell,1234,1234,344,248,True
aida,10d,3,natural_killer_cell,73,73,467,30,True
aida,10d,3,plasma_cell,32,32,282,7,True
aida,10d,3,plasmacytoid_dendritic_cell,44,44,568,16,True
aida,10d,3,platelet,120,120,399,44,True
aida,10d,3,regulatory_T_cell,325,325,381,57,True
aida,10d,4,B_cell,104,104,412,16,True
aida,10d,4,CD14-low__CD16-positive_monocyte,755,755,637,123,True
aida,10d,4,CD14-positive_monocyte,3004,3004,580,512,True
aida,10d,4,CD141-positive_myeloid_dendritic_cell,12,12,452,3,True
aida,10d,4,CD16-negative__CD56-bright_natural_killer_cell__human,197,197,453,71,True
aida,10d,4,CD16-positive__CD56-dim_natural_killer_cell__human,2999,2999,421,643,True
aida,10d,4,CD1c-positive_myeloid_dendritic_cell,234,234,661,47,True
aida,10d,4,CD4-positive__alpha-beta_T_cell,321,321,382,49,True
aida,10d,4,CD4-positive__alpha-beta_cytotoxic_T_cell,276,276,403,148,True
aida,10d,4,CD8-positive__alpha-beta_T_cell,62,62,346,17,True
aida,10d,4,CD8-positive__alpha-beta_cytotoxic_T_cell,1011,1011,415,312,True
aida,10d,4,CD8-positive__alpha-beta_memory_T_cell,775,775,392,141,True
aida,10d,4,T_cell,379,379,402,104,True
aida,10d,4,central_memory_CD4-positive__alpha-beta_T_cell,2194,2194,374,356,True
aida,10d,4,conventional_dendritic_cell,4,4,720,2,True
aida,10d,4,dendritic_cell,2,2,524,1,True
aida,10d,4,double_negative_T_regulatory_cell,21,21,394,7,True
aida,10d,4,effector_memory_CD4-positive__alpha-beta_T_cell,455,455,382,77,True
aida,10d,4,gamma-delta_T_cell,306,306,409,55,True
aida,10d,4,innate_lymphoid_cell,2,2,387,2,True
aida,10d,4,mature_B_cell,107,107,448,18,True
aida,10d,4,memory_B_cell,590,590,436,89,True
aida,10d,4,monocyte,274,274,648,71,True
aida,10d,4,mucosal_invariant_T_cell,406,406,391,69,True
aida,10d,4,naive_B_cell,550,550,349,104,True
aida,10d,4,naive_thymus-derived_CD4-positive__alpha-beta_T_cell,3164,3164,306,510,True
aida,10d,4,naive_thymus-derived_CD8-positive__alpha-beta_T_cell,1703,1703,332,295,True
aida,10d,4,natural_killer_cell,148,148,471,46,True
aida,10d,4,plasma_cell,51,51,272,18,True
aida,10d,4,plasmacytoid_dendritic_cell,64,64,576,24,True
aida,10d,4,platelet,148,148,443,36,True
aida,10d,4,regulatory_T_cell,310,310,380,56,True
aida,10d,5,B_cell,124,124,431,25,True
aida,10d,5,CD14-low__CD16-positive_monocyte,897,897,653,145,True
aida,10d,5,CD14-positive_monocyte,3631,3631,579,655,True
aida,10d,5,CD141-positive_myeloid_dendritic_cell,14,14,511,2,True
aida,10d,5,CD16-negative__CD56-bright_natural_killer_cell__human,97,97,457,30,True
aida,10d,5,CD16-positive__CD56-dim_natural_killer_cell__human,2074,2074,443,444,True
aida,10d,5,CD1c-positive_myeloid_dendritic_cell,304,304,650,55,True
aida,10d,5,CD4-positive__alpha-beta_T_cell,499,499,400,80,True
aida,10d,5,CD4-positive__alpha-beta_cytotoxic_T_cell,217,217,413,96,True
aida,10d,5,CD8-positive__alpha-beta_T_cell,59,59,427,12,True
aida,10d,5,CD8-positive__alpha-beta_cytotoxic_T_cell,1121,1121,426,216,True
aida,10d,5,CD8-positive__alpha-beta_memory_T_cell,580,580,420,110,True
aida,10d,5,T_cell,271,271,436,91,True
aida,10d,5,central_memory_CD4-positive__alpha-beta_T_cell,2261,2261,405,627,True
aida,10d,5,double_negative_T_regulatory_cell,10,10,341,3,True
aida,10d,5,effector_memory_CD4-positive__alpha-beta_T_cell,457,457,413,96,True
aida,10d,5,gamma-delta_T_cell,507,507,443,250,True
aida,10d,5,innate_lymphoid_cell,5,5,353,3,True
aida,10d,5,mature_B_cell,98,98,474,31,True
aida,10d,5,memory_B_cell,498,498,459,106,True
aida,10d,5,monocyte,351,351,623,106,True
aida,10d,5,mucosal_invariant_T_cell,253,253,425,50,True
aida,10d,5,naive_B_cell,633,633,385,214,True
aida,10d,5,naive_thymus-derived_CD4-positive__alpha-beta_T_cell,3407,3407,352,932,True
aida,10d,5,naive_thymus-derived_CD8-positive__alpha-beta_T_cell,1279,1279,358,243,True
aida,10d,5,natural_killer_cell,66,66,492,27,True
aida,10d,5,plasma_cell,30,30,309,12,True
aida,10d,5,plasmacytoid_dendritic_cell,64,64,607,18,True
aida,10d,5,platelet,104,104,398,36,True
aida,10d,5,regulatory_T_cell,292,292,415,80,True
aida,20d,1,B_cell,215,215,407,35,True
aida,20d,1,CD14-low__CD16-positive_monocyte,1524,1524,645,168,True
aida,20d,1,CD14-positive_monocyte,5608,5608,575,468,True
aida,20d,1,CD141-positive_myeloid_dendritic_cell,29,29,476,6,True
aida,20d,1,CD16-negative__CD56-bright_natural_killer_cell__human,161,161,457,23,True
aida,20d,1,CD16-positive__CD56-dim_natural_killer_cell__human,5743,5743,423,633,True
aida,20d,1,CD1c-positive_myeloid_dendritic_cell,425,425,645,54,True
aida,20d,1,CD4-positive__alpha-beta_T_cell,771,771,403,148,True
aida,20d,1,CD4-positive__alpha-beta_cytotoxic_T_cell,423,423,407,58,True
aida,20d,1,CD8-positive__alpha-beta_T_cell,65,65,403,13,True
aida,20d,1,CD8-positive__alpha-beta_cytotoxic_T_cell,2127,2127,425,279,True
aida,20d,1,CD8-positive__alpha-beta_memory_T_cell,1327,1327,416,135,True
aida,20d,1,T_cell,534,534,426,94,True
aida,20d,1,central_memory_CD4-positive__alpha-beta_T_cell,4453,4453,395,369,True
aida,20d,1,conventional_dendritic_cell,7,7,671,3,True
aida,20d,1,dendritic_cell,11,11,509,2,True
aida,20d,1,double_negative_T_regulatory_cell,19,19,426,4,True
aida,20d,1,effector_memory_CD4-positive__alpha-beta_T_cell,927,927,406,98,True
aida,20d,1,erythrocyte,17,17,567,7,True
aida,20d,1,gamma-delta_T_cell,643,643,420,142,True
aida,20d,1,innate_lymphoid_cell,10,10,319,2,True
aida,20d,1,mature_B_cell,107,107,446,13,True
aida,20d,1,memory_B_cell,1181,1181,445,139,True
aida,20d,1,monocyte,461,461,646,91,True
aida,20d,1,mucosal_invariant_T_cell,886,886,402,139,True
aida,20d,1,naive_B_cell,1144,1144,358,134,True
aida,20d,1,naive_thymus-derived_CD4-positive__alpha-beta_T_cell,5041,5041,324,536,True
aida,20d,1,naive_thymus-derived_CD8-positive__alpha-beta_T_cell,2518,2518,353,290,True
aida,20d,1,natural_killer_cell,204,204,465,47,True
aida,20d,1,plasma_cell,63,63,305,8,True
aida,20d,1,plasmacytoid_dendritic_cell,116,116,572,16,True
aida,20d,1,platelet,642,642,415,315,True
aida,20d,1,regulatory_T_cell,644,644,408,65,True
aida,20d,2,B_cell,246,246,435,55,True
aida,20d,2,CD14-low__CD16-positive_monocyte,1723,1723,660,146,True
aida,20d,2,CD14-positive_monocyte,7013,7013,600,652,True
aida,20d,2,CD141-positive_myeloid_dendritic_cell,23,23,483,4,True
aida,20d,2,CD16-negative__CD56-bright_natural_killer_cell__human,231,231,454,37,True
aida,20d,2,CD16-positive__CD56-dim_natural_killer_cell__human,5751,5751,440,583,True
aida,20d,2,CD1c-positive_myeloid_dendritic_cell,603,603,658,67,True
aida,20d,2,CD4-positive__alpha-beta_T_cell,991,991,390,200,True
aida,20d,2,CD4-positive__alpha-beta_cytotoxic_T_cell,643,643,413,89,True
aida,20d,2,CD8-positive__alpha-beta_T_cell,94,94,416,40,True
aida,20d,2,CD8-positive__alpha-beta_cytotoxic_T_cell,3147,3147,432,380,True
aida,20d,2,CD8-positive__alpha-beta_memory_T_cell,1799,1799,417,217,True
aida,20d,2,T_cell,716,716,437,140,True
aida,20d,2,central_memory_CD4-positive__alpha-beta_T_cell,4200,4200,401,396,True
aida,20d,2,conventional_dendritic_cell,14,14,625,4,True
aida,20d,2,dendritic_cell,7,7,543,2,True
aida,20d,2,double_negative_T_regulatory_cell,17,17,417,4,True
aida,20d,2,effector_memory_CD4-positive__alpha-beta_T_cell,1052,1052,406,115,True
aida,20d,2,gamma-delta_T_cell,619,619,429,198,True
aida,20d,2,innate_lymphoid_cell,15,15,372,3,True
aida,20d,2,mature_B_cell,274,274,467,68,True
aida,20d,2,memory_B_cell,1133,1133,441,157,True
aida,20d,2,monocyte,614,614,665,98,True
aida,20d,2,mucosal_invariant_T_cell,707,707,412,78,True
aida,20d,2,naive_B_cell,1017,1017,379,156,True
aida,20d,2,naive_thymus-derived_CD4-positive__alpha-beta_T_cell,5021,5021,339,932,True
aida,20d,2,naive_thymus-derived_CD8-positive__alpha-beta_T_cell,2026,2026,342,333,True
aida,20d,2,natural_killer_cell,292,292,492,86,True
aida,20d,2,plasma_cell,53,53,291,10,True
aida,20d,2,plasmacytoid_dendritic_cell,130,130,584,34,True
aida,20d,2,platelet,389,389,425,82,True
aida,20d,2,regulatory_T_cell,422,422,407,49,True
aida,20d,3,B_cell,201,201,440,28,True
aida,20d,3,CD14-low__CD16-positive_monocyte,1396,1396,648,235,True
aida,20d,3,CD14-positive_monocyte,6808,6808,575,617,True
aida,20d,3,CD141-positive_myeloid_dendritic_cell,26,26,469,4,True
aida,20d,3,CD16-negative__CD56-bright_natural_killer_cell__human,133,133,444,20,True
aida,20d,3,CD16-positive__CD56-dim_natural_killer_cell__human,3726,3726,427,337,True
aida,20d,3,CD1c-positive_myeloid_dendritic_cell,546,546,645,62,True
aida,20d,3,CD4-positive__alpha-beta_T_cell,636,636,374,54,True
aida,20d,3,CD4-positive__alpha-beta_cytotoxic_T_cell,440,440,402,64,True
aida,20d,3,CD8-positive__alpha-beta_T_cell,97,97,375,16,True
aida,20d,3,CD8-positive__alpha-beta_cytotoxic_T_cell,2578,2578,414,446,True
aida,20d,3,CD8-positive__alpha-beta_memory_T_cell,1545,1545,393,215,True
aida,20d,3,T_cell,755,755,400,110,True
aida,20d,3,central_memory_CD4-positive__alpha-beta_T_cell,3864,3864,374,308,True
aida,20d,3,conventional_dendritic_cell,15,15,692,5,True
aida,20d,3,dendritic_cell,7,7,503,2,True
aida,20d,3,double_negative_T_regulatory_cell,20,20,353,3,True
aida,20d,3,effector_memory_CD4-positive__alpha-beta_T_cell,973,973,396,105,True
aida,20d,3,gamma-delta_T_cell,1247,1247,414,239,True
aida,20d,3,innate_lymphoid_cell,9,9,488,2,True
aida,20d,3,mature_B_cell,118,118,464,18,True
aida,20d,3,memory_B_cell,1222,1222,441,135,True
aida,20d,3,monocyte,644,644,645,91,True
aida,20d,3,mucosal_invariant_T_cell,883,883,401,138,True
aida,20d,3,naive_B_cell,853,853,362,150,True
aida,20d,3,naive_thymus-derived_CD4-positive__alpha-beta_T_cell,5549,5549,311,571,True
aida,20d,3,naive_thymus-derived_CD8-positive__alpha-beta_T_cell,2906,2906,332,364,True
aida,20d,3,natural_killer_cell,206,206,475,42,True
aida,20d,3,plasma_cell,53,53,298,7,True
aida,20d,3,plasmacytoid_dendritic_cell,150,150,565,26,True
aida,20d,3,platelet,493,493,440,103,True
aida,20d,3,regulatory_T_cell,506,506,362,53,True
aida,20d,4,B_cell,313,313,427,55,True
aida,20d,4,CD14-low__CD16-positive_monocyte,1646,1646,628,172,True
aida,20d,4,CD14-positive_monocyte,6693,6693,580,559,True
aida,20d,4,CD141-positive_myeloid_dendritic_cell,23,23,514,3,True
aida,20d,4,CD16-negative__CD56-bright_natural_killer_cell__human,207,207,426,23,True
aida,20d,4,CD16-positive__CD56-dim_natural_killer_cell__human,5606,5606,417,580,True
aida,20d,4,CD1c-positive_myeloid_dendritic_cell,619,619,641,58,True
aida,20d,4,CD4-positive__alpha-beta_T_cell,736,736,388,91,True
aida,20d,4,CD4-positive__alpha-beta_cytotoxic_T_cell,753,753,397,176,True
aida,20d,4,CD8-positive__alpha-beta_T_cell,70,70,362,13,True
aida,20d,4,CD8-positive__alpha-beta_cytotoxic_T_cell,2430,2430,411,364,True
aida,20d,4,CD8-positive__alpha-beta_memory_T_cell,1666,1666,384,220,True
aida,20d,4,T_cell,1360,1360,415,188,True
aida,20d,4,central_memory_CD4-positive__alpha-beta_T_cell,4518,4518,374,398,True
aida,20d,4,conventional_dendritic_cell,15,15,597,3,True
aida,20d,4,dendritic_cell,8,8,691,3,True
aida,20d,4,double_negative_T_regulatory_cell,24,24,417,4,True
aida,20d,4,effector_memory_CD4-positive__alpha-beta_T_cell,941,941,363,119,True
aida,20d,4,erythrocyte,4,4,785,3,True
aida,20d,4,gamma-delta_T_cell,1165,1165,406,265,True
aida,20d,4,innate_lymphoid_cell,3,3,467,1,True
aida,20d,4,mature_B_cell,139,139,446,17,True
aida,20d,4,memory_B_cell,1181,1181,426,139,True
aida,20d,4,monocyte,753,753,654,98,True
aida,20d,4,mucosal_invariant_T_cell,856,856,399,133,True
aida,20d,4,naive_B_cell,1010,1010,346,154,True
aida,20d,4,naive_thymus-derived_CD4-positive__alpha-beta_T_cell,5203,5203,301,510,True
aida,20d,4,naive_thymus-derived_CD8-positive__alpha-beta_T_cell,2343,2343,322,360,True
aida,20d,4,natural_killer_cell,538,538,468,86,True
aida,20d,4,plasma_cell,65,65,294,10,True
aida,20d,4,plasmacytoid_dendritic_cell,245,245,571,62,True
aida,20d,4,platelet,723,723,415,102,True
aida,20d,4,regulatory_T_cell,459,459,374,46,True
aida,20d,5,B_cell,380,380,416,111,True
aida,20d,5,CD14-low__CD16-positive_monocyte,2231,2231,632,788,True
aida,20d,5,CD14-positive_monocyte,10233,10233,561,3678,True
aida,20d,5,CD141-positive_myeloid_dendritic_cell,41,41,423,6,True
aida,20d,5,CD16-negative__CD56-bright_natural_killer_cell__human,205,205,428,47,True
aida,20d,5,CD16-positive__CD56-dim_natural_killer_cell__human,4951,4951,426,921,True
aida,20d,5,CD1c-positive_myeloid_dendritic_cell,605,605,632,169,True
aida,20d,5,CD4-positive__alpha-beta_T_cell,919,919,386,185,True
aida,20d,5,CD4-positive__alpha-beta_cytotoxic_T_cell,354,354,408,67,True
aida,20d,5,CD8-positive__alpha-beta_T_cell,199,199,405,78,True
aida,20d,5,CD8-positive__alpha-beta_cytotoxic_T_cell,3497,3497,417,1188,True
aida,20d,5,CD8-positive__alpha-beta_memory_T_cell,2121,2121,399,1058,True
aida,20d,5,T_cell,992,992,426,240,True
aida,20d,5,central_memory_CD4-positive__alpha-beta_T_cell,6588,6588,389,2812,True
aida,20d,5,conventional_dendritic_cell,6,6,548,2,True
aida,20d,5,dendritic_cell,7,7,580,2,True
aida,20d,5,double_negative_T_regulatory_cell,21,21,406,4,True
aida,20d,5,effector_memory_CD4-positive__alpha-beta_T_cell,1277,1277,397,535,True
aida,20d,5,erythrocyte,2,2,445,1,True
aida,20d,5,gamma-delta_T_cell,1276,1276,414,226,True
aida,20d,5,innate_lymphoid_cell,12,12,402,3,True
aida,20d,5,mature_B_cell,211,211,451,65,True
aida,20d,5,memory_B_cell,1588,1588,449,615,True
aida,20d,5,monocyte,844,844,633,247,True
aida,20d,5,mucosal_invariant_T_cell,963,963,410,231,True
aida,20d,5,naive_B_cell,1758,1758,366,387,True
aida,20d,5,naive_thymus-derived_CD4-positive__alpha-beta_T_cell,7996,7996,318,2337,True
aida,20d,5,naive_thymus-derived_CD8-positive__alpha-beta_T_cell,3485,3485,344,801,True
aida,20d,5,natural_killer_cell,217,217,481,40,True
aida,20d,5,plasma_cell,45,45,266,7,True
aida,20d,5,plasmacytoid_dendritic_cell,170,170,567,35,True
aida,20d,5,platelet,469,469,428,85,True
aida,20d,5,regulatory_T_cell,754,754,386,198,True
aida,50d,1,B_cell,665,665,416,81,True
aida,50d,1,CD14-low__CD16-positive_monocyte,4250,4250,645,365,True
aida,50d,1,CD14-positive_monocyte,18518,18518,572,2727,True
aida,50d,1,CD141-positive_myeloid_dendritic_cell,71,71,461,10,True
aida,50d,1,CD16-negative__CD56-bright_natural_killer_cell__human,483,483,443,36,True
aida,50d,1,CD16-positive__CD56-dim_natural_killer_cell__human,12549,12549,419,584,True
aida,50d,1,CD1c-positive_myeloid_dendritic_cell,1354,1354,650,112,True
aida,50d,1,CD4-positive__alpha-beta_T_cell,2184,2184,384,183,True
aida,50d,1,CD4-positive__alpha-beta_cytotoxic_T_cell,1351,1351,399,290,True
aida,50d,1,CD8-positive__alpha-beta_T_cell,261,261,408,31,True
aida,50d,1,CD8-positive__alpha-beta_cytotoxic_T_cell,5836,5836,417,408,True
aida,50d,1,CD8-positive__alpha-beta_memory_T_cell,4287,4287,397,280,True
aida,50d,1,T_cell,2495,2495,408,239,True
aida,50d,1,central_memory_CD4-positive__alpha-beta_T_cell,12158,12158,381,2228,True
aida,50d,1,conventional_dendritic_cell,33,33,684,5,True
aida,50d,1,dendritic_cell,23,23,639,3,True
aida,50d,1,double_negative_T_regulatory_cell,58,58,424,6,True
aida,50d,1,effector_memory_CD4-positive__alpha-beta_T_cell,2708,2708,388,259,True
aida,50d,1,erythrocyte,10,10,426,4,True
aida,50d,1,gamma-delta_T_cell,1940,1940,429,226,True
aida,50d,1,innate_lymphoid_cell,17,17,428,2,True
aida,50d,1,mature_B_cell,360,360,454,23,True
aida,50d,1,memory_B_cell,2772,2772,436,202,True
aida,50d,1,monocyte,1715,1715,638,255,True
aida,50d,1,mucosal_invariant_T_cell,2002,2002,400,392,True
aida,50d,1,naive_B_cell,3976,3976,363,648,True
aida,50d,1,naive_thymus-derived_CD4-positive__alpha-beta_T_cell,16062,16062,320,1582,True
aida,50d,1,naive_thymus-derived_CD8-positive__alpha-beta_T_cell,6606,6606,332,894,True
aida,50d,1,natural_killer_cell,650,650,468,92,True
aida,50d,1,plasma_cell,143,143,281,12,True
aida,50d,1,plasmacytoid_dendritic_cell,424,424,578,53,True
aida,50d,1,platelet,1315,1315,432,100,True
aida,50d,1,regulatory_T_cell,1409,1409,379,160,True
aida,50d,2,B_cell,584,584,427,61,True
aida,50d,2,CD14-low__CD16-positive_monocyte,4152,4152,648,235,True
aida,50d,2,CD14-positive_monocyte,17516,17516,582,752,True
aida,50d,2,CD141-positive_myeloid_dendritic_cell,58,58,470,5,True
aida,50d,2,CD16-negative__CD56-bright_natural_killer_cell__human,443,443,442,23,True
aida,50d,2,CD16-positive__CD56-dim_natural_killer_cell__human,13060,13060,425,662,True
aida,50d,2,CD1c-positive_myeloid_dendritic_cell,1327,1327,644,62,True
aida,50d,2,CD4-positive__alpha-beta_T_cell,1951,1951,388,142,True
aida,50d,2,CD4-positive__alpha-beta_cytotoxic_T_cell,1778,1778,406,118,True
aida,50d,2,CD8-positive__alpha-beta_T_cell,316,316,424,38,True
aida,50d,2,CD8-positive__alpha-beta_cytotoxic_T_cell,7711,7711,422,488,True
aida,50d,2,CD8-positive__alpha-beta_memory_T_cell,4099,4099,405,330,True
aida,50d,2,T_cell,1919,1919,405,131,True
aida,50d,2,central_memory_CD4-positive__alpha-beta_T_cell,9947,9947,386,397,True
aida,50d,2,conventional_dendritic_cell,27,27,663,3,True
aida,50d,2,dendritic_cell,25,25,539,2,True
aida,50d,2,double_negative_T_regulatory_cell,67,67,399,7,True
aida,50d,2,effector_memory_CD4-positive__alpha-beta_T_cell,2447,2447,395,152,True
aida,50d,2,erythrocyte,14,14,637,4,True
aida,50d,2,gamma-delta_T_cell,1964,1964,424,265,True
aida,50d,2,innate_lymphoid_cell,25,25,402,6,True
aida,50d,2,mature_B_cell,416,416,459,28,True
aida,50d,2,memory_B_cell,2936,2936,437,187,True
aida,50d,2,monocyte,1444,1444,662,72,True
aida,50d,2,mucosal_invariant_T_cell,1683,1683,403,86,True
aida,50d,2,naive_B_cell,2894,2894,366,156,True
aida,50d,2,naive_thymus-derived_CD4-positive__alpha-beta_T_cell,13846,13846,324,797,True
aida,50d,2,naive_thymus-derived_CD8-positive__alpha-beta_T_cell,7229,7229,342,389,True
aida,50d,2,natural_killer_cell,628,628,484,92,True
aida,50d,2,plasma_cell,213,213,285,17,True
aida,50d,2,plasmacytoid_dendritic_cell,370,370,583,27,True
aida,50d,2,platelet,1274,1274,431,98,True
aida,50d,2,regulatory_T_cell,1307,1307,388,63,True
aida,50d,3,B_cell,597,597,429,43,True
aida,50d,3,CD14-low__CD16-positive_monocyte,3889,3889,638,226,True
aida,50d,3,CD14-positive_monocyte,15037,15037,583,629,True
aida,50d,3,CD141-positive_myeloid_dendritic_cell,66,66,465,13,True
aida,50d,3,CD16-negative__CD56-bright_natural_killer_cell__human,429,429,452,24,True
aida,50d,3,CD16-positive__CD56-dim_natural_killer_cell__human,12259,12259,430,608,True
aida,50d,3,CD1c-positive_myeloid_dendritic_cell,1198,1198,652,74,True
aida,50d,3,CD4-positive__alpha-beta_T_cell,1979,1979,395,173,True
aida,50d,3,CD4-positive__alpha-beta_cytotoxic_T_cell,1590,1590,408,322,True
aida,50d,3,CD8-positive__alpha-beta_T_cell,296,296,432,73,True
aida,50d,3,CD8-positive__alpha-beta_cytotoxic_T_cell,7193,7193,427,380,True
aida,50d,3,CD8-positive__alpha-beta_memory_T_cell,3501,3501,415,220,True
aida,50d,3,T_cell,1800,1800,425,151,True
aida,50d,3,central_memory_CD4-positive__alpha-beta_T_cell,10057,10057,391,514,True
aida,50d,3,conventional_dendritic_cell,22,22,659,3,True
aida,50d,3,dendritic_cell,21,21,590,3,True
aida,50d,3,double_negative_T_regulatory_cell,64,64,432,7,True
aida,50d,3,effector_memory_CD4-positive__alpha-beta_T_cell,2416,2416,399,120,True
aida,50d,3,erythrocyte,10,10,402,3,True
aida,50d,3,gamma-delta_T_cell,2242,2242,428,382,True
aida,50d,3,innate_lymphoid_cell,28,28,415,3,True
aida,50d,3,mature_B_cell,378,378,472,25,True
aida,50d,3,memory_B_cell,2798,2798,449,137,True
aida,50d,3,monocyte,1385,1385,650,99,True
aida,50d,3,mucosal_invariant_T_cell,1608,1608,408,86,True
aida,50d,3,naive_B_cell,3023,3023,368,195,True
aida,50d,3,naive_thymus-derived_CD4-positive__alpha-beta_T_cell,11816,11816,329,703,True
aida,50d,3,naive_thymus-derived_CD8-positive__alpha-beta_T_cell,6035,6035,339,394,True
aida,50d,3,natural_killer_cell,659,659,475,63,True
aida,50d,3,plasma_cell,173,173,285,17,True
aida,50d,3,plasmacytoid_dendritic_cell,369,369,568,62,True
aida,50d,3,platelet,1204,1204,426,115,True
aida,50d,3,regulatory_T_cell,1277,1277,391,64,True
aida,50d,4,B_cell,566,566,405,66,True
aida,50d,4,CD14-low__CD16-positive_monocyte,3852,3852,643,229,True
aida,50d,4,CD14-positive_monocyte,17221,17221,552,713,True
aida,50d,4,CD141-positive_myeloid_dendritic_cell,67,67,465,5,True
aida,50d,4,CD16-negative__CD56-bright_natural_killer_cell__human,375,375,433,21,True
aida,50d,4,CD16-positive__CD56-dim_natural_killer_cell__human,11909,11909,421,496,True
aida,50d,4,CD1c-positive_myeloid_dendritic_cell,1182,1182,645,65,True
aida,50d,4,CD4-positive__alpha-beta_T_cell,1692,1692,388,200,True
aida,50d,4,CD4-positive__alpha-beta_cytotoxic_T_cell,1104,1104,403,159,True
aida,50d,4,CD8-positive__alpha-beta_T_cell,274,274,381,40,True
aida,50d,4,CD8-positive__alpha-beta_cytotoxic_T_cell,6436,6436,409,461,True
aida,50d,4,CD8-positive__alpha-beta_memory_T_cell,3576,3576,397,221,True
aida,50d,4,T_cell,1070,1070,407,141,True
aida,50d,4,central_memory_CD4-positive__alpha-beta_T_cell,9505,9505,386,382,True
aida,50d,4,conventional_dendritic_cell,21,21,627,5,True
aida,50d,4,dendritic_cell,19,19,649,3,True
aida,50d,4,double_negative_T_regulatory_cell,67,67,413,7,True
aida,50d,4,effector_memory_CD4-positive__alpha-beta_T_cell,2332,2332,388,154,True
aida,50d,4,erythrocyte,21,21,505,7,True
aida,50d,4,gamma-delta_T_cell,1875,1875,422,239,True
aida,50d,4,innate_lymphoid_cell,10,10,338,2,True
aida,50d,4,mature_B_cell,434,434,459,28,True
aida,50d,4,memory_B_cell,3222,3222,443,196,True
aida,50d,4,monocyte,1240,1240,615,77,True
aida,50d,4,mucosal_invariant_T_cell,1670,1670,400,136,True
aida,50d,4,naive_B_cell,2625,2625,356,173,True
aida,50d,4,naive_thymus-derived_CD4-positive__alpha-beta_T_cell,12080,12080,312,671,True
aida,50d,4,naive_thymus-derived_CD8-positive__alpha-beta_T_cell,6274,6274,339,323,True
aida,50d,4,natural_killer_cell,352,352,477,54,True
aida,50d,4,plasma_cell,167,167,278,23,True
aida,50d,4,plasmacytoid_dendritic_cell,252,252,569,27,True
aida,50d,4,platelet,890,890,433,115,True
aida,50d,4,regulatory_T_cell,1186,1186,379,63,True
aida,50d,5,B_cell,523,523,438,37,True
aida,50d,5,CD14-low__CD16-positive_monocyte,3659,3659,646,184,True
aida,50d,5,CD14-positive_monocyte,15440,15440,576,779,True
aida,50d,5,CD141-positive_myeloid_dendritic_cell,52,52,475,6,True
aida,50d,5,CD16-negative__CD56-bright_natural_killer_cell__human,412,412,439,27,True
aida,50d,5,CD16-positive__CD56-dim_natural_killer_cell__human,13093,13093,422,693,True
aida,50d,5,CD1c-positive_myeloid_dendritic_cell,1218,1218,647,74,True
aida,50d,5,CD4-positive__alpha-beta_T_cell,1998,1998,386,200,True
aida,50d,5,CD4-positive__alpha-beta_cytotoxic_T_cell,1528,1528,394,322,True
aida,50d,5,CD8-positive__alpha-beta_T_cell,257,257,403,40,True
aida,50d,5,CD8-positive__alpha-beta_cytotoxic_T_cell,6043,6043,413,411,True
aida,50d,5,CD8-positive__alpha-beta_memory_T_cell,3622,3622,396,204,True
aida,50d,5,T_cell,1853,1853,412,108,True
aida,50d,5,central_memory_CD4-positive__alpha-beta_T_cell,9882,9882,378,404,True
aida,50d,5,conventional_dendritic_cell,26,26,622,3,True
aida,50d,5,dendritic_cell,14,14,648,2,True
aida,50d,5,double_negative_T_regulatory_cell,53,53,420,5,True
aida,50d,5,effector_memory_CD4-positive__alpha-beta_T_cell,2356,2356,401,121,True
aida,50d,5,erythrocyte,12,12,532,3,True
aida,50d,5,gamma-delta_T_cell,2202,2202,420,239,True
aida,50d,5,innate_lymphoid_cell,18,18,395,4,True
aida,50d,5,mature_B_cell,374,374,466,20,True
aida,50d,5,memory_B_cell,2599,2599,445,204,True
aida,50d,5,monocyte,1380,1380,630,99,True
aida,50d,5,mucosal_invariant_T_cell,1655,1655,405,100,True
aida,50d,5,naive_B_cell,2399,2399,366,278,True
aida,50d,5,naive_thymus-derived_CD4-positive__alpha-beta_T_cell,11220,11220,319,571,True
aida,50d,5,naive_thymus-derived_CD8-positive__alpha-beta_T_cell,5678,5678,341,364,True
aida,50d,5,natural_killer_cell,652,652,459,54,True
aida,50d,5,plasma_cell,224,224,298,58,True
aida,50d,5,plasmacytoid_dendritic_cell,309,309,580,39,True
aida,50d,5,platelet,1138,1138,420,124,True
aida,50d,5,regulatory_T_cell,1115,1115,386,43,True
aida,100d,1,B_cell,1423,1423,430,100,True
aida,100d,1,CD14-low__CD16-positive_monocyte,8158,8158,643,759,True
aida,100d,1,CD14-positive_monocyte,38644,38644,569,4827,True
aida,100d,1,CD141-positive_myeloid_dendritic_cell,139,139,478,17,True
aida,100d,1,CD16-negative__CD56-bright_natural_killer_cell__human,1242,1242,449,144,True
aida,100d,1,CD16-positive__CD56-dim_natural_killer_cell__human,28042,28042,425,2050,True
aida,100d,1,CD1c-positive_myeloid_dendritic_cell,3228,3228,651,505,True
aida,100d,1,CD4-positive__alpha-beta_T_cell,4327,4327,380,393,True
aida,100d,1,CD4-positive__alpha-beta_cytotoxic_T_cell,2685,2685,402,173,True
aida,100d,1,CD8-positive__alpha-beta_T_cell,712,712,408,80,True
aida,100d,1,CD8-positive__alpha-beta_cytotoxic_T_cell,11970,11970,420,488,True
aida,100d,1,CD8-positive__alpha-beta_memory_T_cell,7513,7513,415,617,True
aida,100d,1,T_cell,4642,4642,410,381,True
aida,100d,1,central_memory_CD4-positive__alpha-beta_T_cell,23530,23530,388,2228,True
aida,100d,1,conventional_dendritic_cell,64,64,646,9,True
aida,100d,1,dendritic_cell,52,52,537,17,True
aida,100d,1,double_negative_T_regulatory_cell,121,121,413,12,True
aida,100d,1,effector_memory_CD4-positive__alpha-beta_T_cell,4701,4701,398,259,True
aida,100d,1,erythrocyte,28,28,475,6,True
aida,100d,1,gamma-delta_T_cell,6004,6004,427,1289,True
aida,100d,1,innate_lymphoid_cell,55,55,385,7,True
aida,100d,1,mature_B_cell,754,754,473,43,True
aida,100d,1,memory_B_cell,6237,6237,448,584,True
aida,100d,1,monocyte,3372,3372,637,270,True
aida,100d,1,mucosal_invariant_T_cell,4585,4585,411,501,True
aida,100d,1,naive_B_cell,6606,6606,369,648,True
aida,100d,1,naive_thymus-derived_CD4-positive__alpha-beta_T_cell,31472,31472,320,4718,True
aida,100d,1,naive_thymus-derived_CD8-positive__alpha-beta_T_cell,16648,16648,338,2128,True
aida,100d,1,natural_killer_cell,1628,1628,477,86,True
aida,100d,1,plasma_cell,379,379,290,29,True
aida,100d,1,plasmacytoid_dendritic_cell,872,872,572,79,True
aida,100d,1,platelet,2705,2705,426,139,True
aida,100d,1,regulatory_T_cell,2538,2538,379,171,True
aida,100d,2,B_cell,1254,1254,418,100,True
aida,100d,2,CD14-low__CD16-positive_monocyte,7926,7926,647,759,True
aida,100d,2,CD14-positive_monocyte,36628,36628,565,4827,True
aida,100d,2,CD141-positive_myeloid_dendritic_cell,139,139,477,17,True
aida,100d,2,CD16-negative__CD56-bright_natural_killer_cell__human,991,991,439,144,True
aida,100d,2,CD16-positive__CD56-dim_natural_killer_cell__human,27478,27478,424,2050,True
aida,100d,2,CD1c-positive_myeloid_dendritic_cell,2989,2989,650,505,True
aida,100d,2,CD4-positive__alpha-beta_T_cell,3676,3676,386,269,True
aida,100d,2,CD4-positive__alpha-beta_cytotoxic_T_cell,2382,2382,399,118,True
aida,100d,2,CD8-positive__alpha-beta_T_cell,557,557,398,54,True
aida,100d,2,CD8-positive__alpha-beta_cytotoxic_T_cell,11954,11954,415,461,True
aida,100d,2,CD8-positive__alpha-beta_memory_T_cell,7641,7641,399,617,True
aida,100d,2,T_cell,3818,3818,413,381,True
aida,100d,2,central_memory_CD4-positive__alpha-beta_T_cell,23329,23329,388,2189,True
aida,100d,2,conventional_dendritic_cell,49,49,632,9,True
aida,100d,2,dendritic_cell,50,50,552,17,True
aida,100d,2,double_negative_T_regulatory_cell,150,150,406,12,True
aida,100d,2,effector_memory_CD4-positive__alpha-beta_T_cell,5078,5078,396,229,True
aida,100d,2,erythrocyte,30,30,495,4,True
aida,100d,2,gamma-delta_T_cell,6367,6367,418,1289,True
aida,100d,2,innate_lymphoid_cell,59,59,416,7,True
aida,100d,2,mature_B_cell,699,699,465,43,True
aida,100d,2,memory_B_cell,6170,6170,442,584,True
aida,100d,2,monocyte,3103,3103,635,270,True
aida,100d,2,mucosal_invariant_T_cell,3855,3855,408,501,True
aida,100d,2,naive_B_cell,6722,6722,364,640,True
aida,100d,2,naive_thymus-derived_CD4-positive__alpha-beta_T_cell,31372,31372,322,4718,True
aida,100d,2,naive_thymus-derived_CD8-positive__alpha-beta_T_cell,15198,15198,338,2128,True
aida,100d,2,natural_killer_cell,1273,1273,470,92,True
aida,100d,2,plasma_cell,383,383,292,29,True
aida,100d,2,plasmacytoid_dendritic_cell,665,665,580,79,True
aida,100d,2,platelet,2034,2034,428,131,True
aida,100d,2,regulatory_T_cell,2840,2840,375,171,True
aida,100d,3,B_cell,1480,1480,416,203,True
aida,100d,3,CD14-low__CD16-positive_monocyte,10445,10445,636,1547,True
aida,100d,3,CD14-positive_monocyte,39934,39934,567,4111,True
aida,100d,3,CD141-positive_myeloid_dendritic_cell,130,130,479,8,True
aida,100d,3,CD16-negative__CD56-bright_natural_killer_cell__human,1090,1090,448,50,True
aida,100d,3,CD16-positive__CD56-dim_natural_killer_cell__human,27725,27725,426,1198,True
aida,100d,3,CD1c-positive_myeloid_dendritic_cell,2969,2969,647,169,True
aida,100d,3,CD4-positive__alpha-beta_T_cell,4003,4003,385,185,True
aida,100d,3,CD4-positive__alpha-beta_cytotoxic_T_cell,2833,2833,406,128,True
aida,100d,3,CD8-positive__alpha-beta_T_cell,680,680,420,78,True
aida,100d,3,CD8-positive__alpha-beta_cytotoxic_T_cell,13503,13503,422,1188,True
aida,100d,3,CD8-positive__alpha-beta_memory_T_cell,8196,8196,407,1058,True
aida,100d,3,T_cell,3992,3992,416,240,True
aida,100d,3,central_memory_CD4-positive__alpha-beta_T_cell,23214,23214,384,2812,True
aida,100d,3,conventional_dendritic_cell,57,57,662,5,True
aida,100d,3,dendritic_cell,33,33,592,2,True
aida,100d,3,double_negative_T_regulatory_cell,146,146,404,12,True
aida,100d,3,effector_memory_CD4-positive__alpha-beta_T_cell,5283,5283,399,535,True
aida,100d,3,erythrocyte,39,39,530,7,True
aida,100d,3,gamma-delta_T_cell,4886,4886,420,602,True
aida,100d,3,innate_lymphoid_cell,62,62,377,5,True
aida,100d,3,mature_B_cell,966,966,462,78,True
aida,100d,3,memory_B_cell,6677,6677,444,615,True
aida,100d,3,monocyte,3530,3530,620,343,True
aida,100d,3,mucosal_invariant_T_cell,4516,4516,408,358,True
aida,100d,3,naive_B_cell,7849,7849,363,2301,True
aida,100d,3,naive_thymus-derived_CD4-positive__alpha-beta_T_cell,29884,29884,319,2337,True
aida,100d,3,naive_thymus-derived_CD8-positive__alpha-beta_T_cell,16872,16872,337,2265,True
aida,100d,3,natural_killer_cell,1336,1336,479,67,True
aida,100d,3,plasma_cell,425,425,294,58,True
aida,100d,3,plasmacytoid_dendritic_cell,857,857,583,53,True
aida,100d,3,platelet,2231,2231,430,136,True
aida,100d,3,regulatory_T_cell,2696,2696,381,198,True
aida,100d,4,B_cell,1189,1189,422,62,True
aida,100d,4,CD14-low__CD16-positive_monocyte,8079,8079,643,228,True
aida,100d,4,CD14-positive_monocyte,32651,32651,567,779,True
aida,100d,4,CD141-positive_myeloid_dendritic_cell,117,117,474,6,True
aida,100d,4,CD16-negative__CD56-bright_natural_killer_cell__human,966,966,445,33,True
aida,100d,4,CD16-positive__CD56-dim_natural_killer_cell__human,28004,28004,427,1022,True
aida,100d,4,CD1c-positive_myeloid_dendritic_cell,2604,2604,640,65,True
aida,100d,4,CD4-positive__alpha-beta_T_cell,3745,3745,389,148,True
aida,100d,4,CD4-positive__alpha-beta_cytotoxic_T_cell,2319,2319,405,159,True
aida,100d,4,CD8-positive__alpha-beta_T_cell,458,458,408,21,True
aida,100d,4,CD8-positive__alpha-beta_cytotoxic_T_cell,11775,11775,421,411,True
aida,100d,4,CD8-positive__alpha-beta_memory_T_cell,7528,7528,413,259,True
aida,100d,4,T_cell,3370,3370,415,188,True
aida,100d,4,central_memory_CD4-positive__alpha-beta_T_cell,22321,22321,392,642,True
aida,100d,4,conventional_dendritic_cell,38,38,623,4,True
aida,100d,4,dendritic_cell,32,32,549,3,True
aida,100d,4,double_negative_T_regulatory_cell,107,107,401,5,True
aida,100d,4,effector_memory_CD4-positive__alpha-beta_T_cell,5227,5227,401,229,True
aida,100d,4,erythrocyte,33,33,606,7,True
aida,100d,4,gamma-delta_T_cell,3939,3939,434,233,True
aida,100d,4,innate_lymphoid_cell,41,41,407,5,True
aida,100d,4,mature_B_cell,717,717,464,39,True
aida,100d,4,memory_B_cell,6108,6108,445,204,True
aida,100d,4,monocyte,2642,2642,636,86,True
aida,100d,4,mucosal_invariant_T_cell,3556,3556,410,158,True
aida,100d,4,naive_B_cell,6164,6164,364,278,True
aida,100d,4,naive_thymus-derived_CD4-positive__alpha-beta_T_cell,26659,26659,329,932,True
aida,100d,4,naive_thymus-derived_CD8-positive__alpha-beta_T_cell,13787,13787,339,418,True
aida,100d,4,natural_killer_cell,1183,1183,473,67,True
aida,100d,4,plasma_cell,348,348,288,20,True
aida,100d,4,plasmacytoid_dendritic_cell,687,687,573,53,True
aida,100d,4,platelet,2441,2441,423,315,True
aida,100d,4,regulatory_T_cell,2648,2648,391,78,True
aida,100d,5,B_cell,1275,1275,426,47,True
aida,100d,5,CD14-low__CD16-positive_monocyte,7569,7569,641,254,True
aida,100d,5,CD14-positive_monocyte,32207,32207,572,875,True
aida,100d,5,CD141-positive_myeloid_dendritic_cell,127,127,470,6,True
aida,100d,5,CD16-negative__CD56-bright_natural_killer_cell__human,939,939,450,37,True
aida,100d,5,CD16-positive__CD56-dim_natural_killer_cell__human,21899,21899,427,488,True
aida,100d,5,CD1c-positive_myeloid_dendritic_cell,2443,2443,644,74,True
aida,100d,5,CD4-positive__alpha-beta_T_cell,3709,3709,384,142,True
aida,100d,5,CD4-positive__alpha-beta_cytotoxic_T_cell,2823,2823,401,322,True
aida,100d,5,CD8-positive__alpha-beta_T_cell,534,534,410,51,True
aida,100d,5,CD8-positive__alpha-beta_cytotoxic_T_cell,11366,11366,422,410,True
aida,100d,5,CD8-positive__alpha-beta_memory_T_cell,7333,7333,411,259,True
aida,100d,5,T_cell,3775,3775,406,160,True
aida,100d,5,central_memory_CD4-positive__alpha-beta_T_cell,20626,20626,388,642,True
aida,100d,5,conventional_dendritic_cell,53,53,687,5,True
aida,100d,5,dendritic_cell,33,33,587,3,True
aida,100d,5,double_negative_T_regulatory_cell,115,115,403,6,True
aida,100d,5,effector_memory_CD4-positive__alpha-beta_T_cell,4876,4876,404,229,True
aida,100d,5,erythrocyte,23,23,500,7,True
aida,100d,5,gamma-delta_T_cell,5193,5193,425,588,True
aida,100d,5,innate_lymphoid_cell,45,45,388,4,True
aida,100d,5,mature_B_cell,880,880,458,68,True
aida,100d,5,memory_B_cell,6108,6108,442,198,True
aida,100d,5,monocyte,2655,2655,630,91,True
aida,100d,5,mucosal_invariant_T_cell,3510,3510,407,136,True
aida,100d,5,naive_B_cell,6033,6033,362,332,True
aida,100d,5,naive_thymus-derived_CD4-positive__alpha-beta_T_cell,26614,26614,321,703,True
aida,100d,5,naive_thymus-derived_CD8-positive__alpha-beta_T_cell,13315,13315,340,615,True
aida,100d,5,natural_killer_cell,1054,1054,485,75,True
aida,100d,5,plasma_cell,362,362,290,58,True
aida,100d,5,plasmacytoid_dendritic_cell,661,661,580,35,True
aida,100d,5,platelet,2117,2117,423,136,True
aida,100d,5,regulatory_T_cell,2468,2468,381,80,True
aida,200d,1,B_cell,2597,2597,421,100,True
aida,200d,1,CD14-low__CD16-positive_monocyte,17629,17629,643,759,True
aida,200d,1,CD14-positive_monocyte,74567,74567,573,4827,True
aida,200d,1,CD141-positive_myeloid_dendritic_cell,313,313,471,17,True
aida,200d,1,CD16-negative__CD56-bright_natural_killer_cell__human,2165,2165,454,144,True
aida,200d,1,CD16-positive__CD56-dim_natural_killer_cell__human,56318,56318,422,2050,True
aida,200d,1,CD1c-positive_myeloid_dendritic_cell,6140,6140,652,505,True
aida,200d,1,CD4-positive__alpha-beta_T_cell,7724,7724,389,269,True
aida,200d,1,CD4-positive__alpha-beta_cytotoxic_T_cell,5374,5374,404,322,True
aida,200d,1,CD8-positive__alpha-beta_T_cell,1133,1133,407,54,True
aida,200d,1,CD8-positive__alpha-beta_cytotoxic_T_cell,27076,27076,422,488,True
aida,200d,1,CD8-positive__alpha-beta_memory_T_cell,15149,15149,416,617,True
aida,200d,1,T_cell,8186,8186,415,381,True
aida,200d,1,central_memory_CD4-positive__alpha-beta_T_cell,46151,46151,390,2228,True
aida,200d,1,conventional_dendritic_cell,111,111,632,9,True
aida,200d,1,dendritic_cell,90,90,548,17,True
aida,200d,1,double_negative_T_regulatory_cell,248,248,418,12,True
aida,200d,1,effector_memory_CD4-positive__alpha-beta_T_cell,10217,10217,400,259,True
aida,200d,1,erythrocyte,57,57,547,7,True
aida,200d,1,gamma-delta_T_cell,11373,11373,429,1289,True
aida,200d,1,innate_lymphoid_cell,93,93,409,7,True
aida,200d,1,mature_B_cell,1608,1608,464,68,True
aida,200d,1,memory_B_cell,12262,12262,448,584,True
aida,200d,1,monocyte,6360,6360,646,270,True
aida,200d,1,mucosal_invariant_T_cell,8267,8267,405,501,True
aida,200d,1,naive_B_cell,13492,13492,362,648,True
aida,200d,1,naive_thymus-derived_CD4-positive__alpha-beta_T_cell,58139,58139,322,4718,True
aida,200d,1,naive_thymus-derived_CD8-positive__alpha-beta_T_cell,29150,29150,332,2128,True
aida,200d,1,natural_killer_cell,2648,2648,478,86,True
aida,200d,1,plasma_cell,783,783,290,58,True
aida,200d,1,plasmacytoid_dendritic_cell,1505,1505,575,79,True
aida,200d,1,platelet,4849,4849,430,238,True
aida,200d,1,regulatory_T_cell,5340,5340,380,171,True
aida,200d,2,B_cell,2426,2426,424,100,True
aida,200d,2,CD14-low__CD16-positive_monocyte,15210,15210,645,759,True
aida,200d,2,CD14-positive_monocyte,70310,70310,573,4827,True
aida,200d,2,CD141-positive_myeloid_dendritic_cell,287,287,478,17,True
aida,200d,2,CD16-negative__CD56-bright_natural_killer_cell__human,2001,2001,450,144,True
aida,200d,2,CD16-positive__CD56-dim_natural_killer_cell__human,50582,50582,427,2050,True
aida,200d,2,CD1c-positive_myeloid_dendritic_cell,5799,5799,643,505,True
aida,200d,2,CD4-positive__alpha-beta_T_cell,7426,7426,386,269,True
aida,200d,2,CD4-positive__alpha-beta_cytotoxic_T_cell,5283,5283,402,290,True
aida,200d,2,CD8-positive__alpha-beta_T_cell,1197,1197,413,73,True
aida,200d,2,CD8-positive__alpha-beta_cytotoxic_T_cell,23722,23722,425,488,True
aida,200d,2,CD8-positive__alpha-beta_memory_T_cell,14687,14687,415,617,True
aida,200d,2,T_cell,8133,8133,410,381,True
aida,200d,2,central_memory_CD4-positive__alpha-beta_T_cell,41459,41459,390,2189,True
aida,200d,2,conventional_dendritic_cell,133,133,631,9,True
aida,200d,2,dendritic_cell,86,86,540,17,True
aida,200d,2,double_negative_T_regulatory_cell,231,231,413,12,True
aida,200d,2,effector_memory_CD4-positive__alpha-beta_T_cell,8923,8923,401,215,True
aida,200d,2,erythrocyte,54,54,568,7,True
aida,200d,2,gamma-delta_T_cell,10550,10550,431,1289,True
aida,200d,2,innate_lymphoid_cell,93,93,396,7,True
aida,200d,2,mature_B_cell,1531,1531,453,43,True
aida,200d,2,memory_B_cell,11863,11863,445,584,True
aida,200d,2,monocyte,6327,6327,648,270,True
aida,200d,2,mucosal_invariant_T_cell,7486,7486,411,501,True
aida,200d,2,naive_B_cell,11978,11978,364,640,True
aida,200d,2,naive_thymus-derived_CD4-positive__alpha-beta_T_cell,59093,59093,324,4718,True
aida,200d,2,naive_thymus-derived_CD8-positive__alpha-beta_T_cell,30120,30120,335,2128,True
aida,200d,2,natural_killer_cell,2439,2439,481,92,True
aida,200d,2,plasma_cell,677,677,293,29,True
aida,200d,2,plasmacytoid_dendritic_cell,1575,1575,574,79,True
aida,200d,2,platelet,4983,4983,428,197,True
aida,200d,2,regulatory_T_cell,4949,4949,389,171,True
aida,200d,3,B_cell,2553,2553,422,203,True
aida,200d,3,CD14-low__CD16-positive_monocyte,16448,16448,642,1547,True
aida,200d,3,CD14-positive_monocyte,71862,71862,571,4111,True
aida,200d,3,CD141-positive_myeloid_dendritic_cell,281,281,476,13,True
aida,200d,3,CD16-negative__CD56-bright_natural_killer_cell__human,1921,1921,452,71,True
aida,200d,3,CD16-positive__CD56-dim_natural_killer_cell__human,52834,52834,430,1198,True
aida,200d,3,CD1c-positive_myeloid_dendritic_cell,5373,5373,650,131,True
aida,200d,3,CD4-positive__alpha-beta_T_cell,8046,8046,385,393,True
aida,200d,3,CD4-positive__alpha-beta_cytotoxic_T_cell,5107,5107,405,181,True
aida,200d,3,CD8-positive__alpha-beta_T_cell,1341,1341,418,80,True
aida,200d,3,CD8-positive__alpha-beta_cytotoxic_T_cell,24125,24125,419,699,True
aida,200d,3,CD8-positive__alpha-beta_memory_T_cell,14736,14736,412,281,True
aida,200d,3,T_cell,7005,7005,415,239,True
aida,200d,3,central_memory_CD4-positive__alpha-beta_T_cell,42212,42212,388,2228,True
aida,200d,3,conventional_dendritic_cell,113,113,645,5,True
aida,200d,3,dendritic_cell,59,59,570,3,True
aida,200d,3,double_negative_T_regulatory_cell,227,227,413,12,True
aida,200d,3,effector_memory_CD4-positive__alpha-beta_T_cell,9563,9563,400,259,True
aida,200d,3,erythrocyte,72,72,503,7,True
aida,200d,3,gamma-delta_T_cell,9909,9909,423,602,True
aida,200d,3,innate_lymphoid_cell,84,84,398,6,True
aida,200d,3,mature_B_cell,1480,1480,465,78,True
aida,200d,3,memory_B_cell,11573,11573,448,606,True
aida,200d,3,monocyte,6000,6000,632,343,True
aida,200d,3,mucosal_invariant_T_cell,7782,7782,406,392,True
aida,200d,3,naive_B_cell,14087,14087,364,2301,True
aida,200d,3,naive_thymus-derived_CD4-positive__alpha-beta_T_cell,56959,56959,327,2091,True
aida,200d,3,naive_thymus-derived_CD8-positive__alpha-beta_T_cell,29504,29504,340,2265,True
aida,200d,3,natural_killer_cell,2503,2503,474,92,True
aida,200d,3,plasma_cell,754,754,290,58,True
aida,200d,3,plasmacytoid_dendritic_cell,1326,1326,574,62,True
aida,200d,3,platelet,4515,4515,430,315,True
aida,200d,3,regulatory_T_cell,5266,5266,380,161,True
aida,200d,4,B_cell,2614,2614,427,203,True
aida,200d,4,CD14-low__CD16-positive_monocyte,17361,17361,637,1547,True
aida,200d,4,CD14-positive_monocyte,74298,74298,572,4111,True
aida,200d,4,CD141-positive_myeloid_dendritic_cell,241,241,481,8,True
aida,200d,4,CD16-negative__CD56-bright_natural_killer_cell__human,2137,2137,451,71,True
aida,200d,4,CD16-positive__CD56-dim_natural_killer_cell__human,52970,52970,429,1198,True
aida,200d,4,CD1c-positive_myeloid_dendritic_cell,5626,5626,647,169,True
aida,200d,4,CD4-positive__alpha-beta_T_cell,7960,7960,393,393,True
aida,200d,4,CD4-positive__alpha-beta_cytotoxic_T_cell,5575,5575,403,227,True
aida,200d,4,CD8-positive__alpha-beta_T_cell,1314,1314,413,80,True
aida,200d,4,CD8-positive__alpha-beta_cytotoxic_T_cell,27395,27395,426,1188,True
aida,200d,4,CD8-positive__alpha-beta_memory_T_cell,16419,16419,411,1058,True
aida,200d,4,T_cell,7875,7875,416,240,True
aida,200d,4,central_memory_CD4-positive__alpha-beta_T_cell,45363,45363,389,2812,True
aida,200d,4,conventional_dendritic_cell,115,115,630,9,True
aida,200d,4,dendritic_cell,75,75,571,3,True
aida,200d,4,double_negative_T_regulatory_cell,234,234,413,12,True
aida,200d,4,effector_memory_CD4-positive__alpha-beta_T_cell,10414,10414,402,535,True
aida,200d,4,erythrocyte,58,58,500,7,True
aida,200d,4,gamma-delta_T_cell,10253,10253,421,602,True
aida,200d,4,innate_lymphoid_cell,90,90,401,5,True
aida,200d,4,mature_B_cell,1735,1735,464,78,True
aida,200d,4,memory_B_cell,12906,12906,445,615,True
aida,200d,4,monocyte,6471,6471,635,343,True
aida,200d,4,mucosal_invariant_T_cell,8326,8326,410,358,True
aida,200d,4,naive_B_cell,13991,13991,365,2301,True
aida,200d,4,naive_thymus-derived_CD4-positive__alpha-beta_T_cell,55031,55031,325,2337,True
aida,200d,4,naive_thymus-derived_CD8-positive__alpha-beta_T_cell,29801,29801,335,2265,True
aida,200d,4,natural_killer_cell,2525,2525,481,86,True
aida,200d,4,plasma_cell,704,704,282,33,True
aida,200d,4,plasmacytoid_dendritic_cell,1668,1668,580,62,True
aida,200d,4,platelet,4582,4582,430,197,True
aida,200d,4,regulatory_T_cell,5164,5164,384,198,True
